aa,count_lnc_peptide_fasta,count_known_proteins,freq_lnc_peptide_fasta,freq_known_proteins,delta_lnc_minus_known,fisher_p_two_sided,fisher_p_fdr_bh,significant_raw_p_lt_alpha,significant_fdr_bh_lt_alpha,odds_ratio_peptide_vs_proteome,peptide_fasta,peptide_set
A,9101,799972,0.07706768509031171,0.0700886178934444,0.00697906719686732,3.292804855672877e-20,4.3904064742305024e-20,True,True,1.1078897114321287,C:\Users\stavz\Desktop\masters\UNDEFINED\paper-github\data\smprot_all_filtered_peptides.faa,all_smprot_filtered
C,3729,262235,0.031577342896579756,0.02297541503113533,0.008601927865444427,4.841217072020993e-77,1.0758260160046651e-76,True,True,1.386605020405081,C:\Users\stavz\Desktop\masters\UNDEFINED\paper-github\data\smprot_all_filtered_peptides.faa,all_smprot_filtered
D,3381,540429,0.028630462948065476,0.047349059316496404,-0.01871859636843093,7.900719170534561e-231,7.900719170534561e-230,True,True,0.5930158979130031,C:\Users\stavz\Desktop\masters\UNDEFINED\paper-github\data\smprot_all_filtered_peptides.faa,all_smprot_filtered
E,5885,811218,0.0498344497040418,0.0710739231251646,-0.021239473421122798,1.0200659575964299e-194,6.800439717309532e-194,True,True,0.6854902041212388,C:\Users\stavz\Desktop\masters\UNDEFINED\paper-github\data\smprot_all_filtered_peptides.faa,all_smprot_filtered
F,4168,416285,0.03529481501553886,0.03647232690615734,-0.0011775118906184809,0.031885465194282196,0.03542829466031355,True,True,0.9665337372244267,C:\Users\stavz\Desktop\masters\UNDEFINED\paper-github\data\smprot_all_filtered_peptides.faa,all_smprot_filtered
G,9274,749301,0.07853265701873978,0.065649137065017,0.012883519953722777,6.712497553962617e-67,1.3424995107925234e-66,True,True,1.2129734981098361,C:\Users\stavz\Desktop\masters\UNDEFINED\paper-github\data\smprot_all_filtered_peptides.faa,all_smprot_filtered
H,3142,299325,0.026606599994919173,0.02622501231412505,0.00038158768079412167,0.41537104255347423,0.4153710425534742,False,False,1.0149482463826587,C:\Users\stavz\Desktop\masters\UNDEFINED\paper-github\data\smprot_all_filtered_peptides.faa,all_smprot_filtered
I,4211,495277,0.03565894098618862,0.04339311926468859,-0.007734178278499974,8.957803062827892e-41,1.378123548127368e-40,True,True,0.815174176277193,C:\Users\stavz\Desktop\masters\UNDEFINED\paper-github\data\smprot_all_filtered_peptides.faa,all_smprot_filtered
K,4857,654207,0.04112929859176398,0.05731758667330429,-0.01618828808154031,4.382778498632346e-138,1.460926166210782e-137,True,True,0.705454101829325,C:\Users\stavz\Desktop\masters\UNDEFINED\paper-github\data\smprot_all_filtered_peptides.faa,all_smprot_filtered
L,12516,1136428,0.10598606159656536,0.09956681965795207,0.00641924193861329,3.824693641373331e-13,4.780867051716664e-13,True,True,1.0721148690630704,C:\Users\stavz\Desktop\masters\UNDEFINED\paper-github\data\smprot_all_filtered_peptides.faa,all_smprot_filtered
M,2616,243176,0.022152407888831493,0.021305582876470972,0.0008468250123605213,0.04605105974140688,0.04847479972779672,True,True,1.040647055114478,C:\Users\stavz\Desktop\masters\UNDEFINED\paper-github\data\smprot_all_filtered_peptides.faa,all_smprot_filtered
N,2780,409080,0.023541167404797995,0.0358410691972347,-0.012299901792436702,3.227138089139668e-128,9.220394540399051e-128,True,True,0.6485474095042305,C:\Users\stavz\Desktop\masters\UNDEFINED\paper-github\data\smprot_all_filtered_peptides.faa,all_smprot_filtered
P,9300,721102,0.07875282621029545,0.063178514423253,0.015574311787042452,5.118276605828641e-99,1.2795691514571604e-98,True,True,1.267585937717877,C:\Users\stavz\Desktop\masters\UNDEFINED\paper-github\data\smprot_all_filtered_peptides.faa,all_smprot_filtered
Q,4829,543969,0.040892193308550186,0.047659212306029534,-0.006767018997479349,1.0960327567723587e-28,1.5657610811033695e-28,True,True,0.8519586252072248,C:\Users\stavz\Desktop\masters\UNDEFINED\paper-github\data\smprot_all_filtered_peptides.faa,all_smprot_filtered
R,10544,642892,0.0892870752216511,0.056326236086703355,0.03296083913494774,0.0,0.0,True,True,1.642548669164096,C:\Users\stavz\Desktop\masters\UNDEFINED\paper-github\data\smprot_all_filtered_peptides.faa,all_smprot_filtered
S,11484,953000,0.09724703830097128,0.08349598842516052,0.013751049875810759,7.426705952480069e-62,1.3503101731781943e-61,True,True,1.1824321284545405,C:\Users\stavz\Desktop\masters\UNDEFINED\paper-github\data\smprot_all_filtered_peptides.faa,all_smprot_filtered
T,6032,613957,0.05107925244091421,0.05379112965954489,-0.0027118772186306775,3.5181524506652914e-05,4.139002883135637e-05,True,True,0.9468712723294054,C:\Users\stavz\Desktop\masters\UNDEFINED\paper-github\data\smprot_all_filtered_peptides.faa,all_smprot_filtered
V,5960,679827,0.0504695531412216,0.059562253224671145,-0.009092700083449548,2.6123336639506927e-41,4.3538894399178215e-41,True,True,0.8392270973451991,C:\Users\stavz\Desktop\masters\UNDEFINED\paper-github\data\smprot_all_filtered_peptides.faa,all_smprot_filtered
W,2580,138417,0.02184755823898519,0.012127244732261747,0.009720313506723442,8.728430874392958e-164,3.491372349757183e-163,True,True,1.819429485431738,C:\Users\stavz\Desktop\masters\UNDEFINED\paper-github\data\smprot_all_filtered_peptides.faa,all_smprot_filtered
Y,1702,303625,0.014412614001066974,0.02660175182118506,-0.012189137820118087,1.2718447206054844e-176,6.359223603027422e-176,True,True,0.5350913640098911,C:\Users\stavz\Desktop\masters\UNDEFINED\paper-github\data\smprot_all_filtered_peptides.faa,all_smprot_filtered
