dipeptide,count_lnc,count_proteome,log2_fold_change_lnc_over_proteome,fisher_p_two_sided,q_value_fdr_bh,category,peptide_fasta,peptide_set
AA,557,81149,0.23214029404773362,0.000178210450349074,0.0003443680199982106,sig_small,C:\Users\stavz\Desktop\masters\UNDEFINED\data\smprot_tcga_filtered_peptides.faa,tcga_matrix
AC,160,16335,0.7483133783165505,1.5221199225858462e-09,5.340771658195952e-09,sig_small,C:\Users\stavz\Desktop\masters\UNDEFINED\data\smprot_tcga_filtered_peptides.faa,tcga_matrix
AD,112,32443,-0.754253769540081,1.82760008980472e-09,6.356869877581635e-09,sig_small,C:\Users\stavz\Desktop\masters\UNDEFINED\data\smprot_tcga_filtered_peptides.faa,tcga_matrix
AE,277,54249,-0.193371374607672,0.027373136498495765,0.03996078320948287,sig_small,C:\Users\stavz\Desktop\masters\UNDEFINED\data\smprot_tcga_filtered_peptides.faa,tcga_matrix
AF,180,31742,-0.04066622571365988,0.7397312798369349,0.766560911748119,ns,C:\Users\stavz\Desktop\masters\UNDEFINED\data\smprot_tcga_filtered_peptides.faa,tcga_matrix
AG,502,56047,0.6162242679674427,2.8535592989689444e-19,3.1706214432988273e-18,sig_small,C:\Users\stavz\Desktop\masters\UNDEFINED\data\smprot_tcga_filtered_peptides.faa,tcga_matrix
AH,81,18006,-0.3698951265689005,0.018500884457106757,0.027613260383741428,sig_small,C:\Users\stavz\Desktop\masters\UNDEFINED\data\smprot_tcga_filtered_peptides.faa,tcga_matrix
AI,140,31238,-0.37900435514479847,0.0013533443399653478,0.0022555738999422465,sig_small,C:\Users\stavz\Desktop\masters\UNDEFINED\data\smprot_tcga_filtered_peptides.faa,tcga_matrix
AK,147,37846,-0.5856942384604952,1.7658107092732164e-07,5.045173455066332e-07,sig_small,C:\Users\stavz\Desktop\masters\UNDEFINED\data\smprot_tcga_filtered_peptides.faa,tcga_matrix
AL,466,83034,-0.058083110533687886,0.4233131012925442,0.465179232189609,ns,C:\Users\stavz\Desktop\masters\UNDEFINED\data\smprot_tcga_filtered_peptides.faa,tcga_matrix
AM,52,15720,-0.8085070815252873,9.727547343420892e-06,2.1737535962951716e-05,sig_small,C:\Users\stavz\Desktop\masters\UNDEFINED\data\smprot_tcga_filtered_peptides.faa,tcga_matrix
AN,75,22351,-0.7920724090828085,1.9049593890864602e-07,5.404140110883574e-07,sig_small,C:\Users\stavz\Desktop\masters\UNDEFINED\data\smprot_tcga_filtered_peptides.faa,tcga_matrix
AP,453,50692,0.6130809304350829,1.9892665967025753e-17,1.8504805550721629e-16,sig_small,C:\Users\stavz\Desktop\masters\UNDEFINED\data\smprot_tcga_filtered_peptides.faa,tcga_matrix
AQ,206,36931,-0.06495938351065829,0.5604872711430928,0.5994516268910084,ns,C:\Users\stavz\Desktop\masters\UNDEFINED\data\smprot_tcga_filtered_peptides.faa,tcga_matrix
AR,437,42404,0.8188163387591643,1.3948244622831586e-27,3.281939911254491e-26,sig_small,C:\Users\stavz\Desktop\masters\UNDEFINED\data\smprot_tcga_filtered_peptides.faa,tcga_matrix
AS,627,66130,0.6980503442047536,1.7007017789136183e-29,5.66900592971206e-28,sig_small,C:\Users\stavz\Desktop\masters\UNDEFINED\data\smprot_tcga_filtered_peptides.faa,tcga_matrix
AT,208,41942,-0.2346147780630873,0.01890956050866463,0.028014163716540193,sig_small,C:\Users\stavz\Desktop\masters\UNDEFINED\data\smprot_tcga_filtered_peptides.faa,tcga_matrix
AV,298,53702,-0.07350762503389503,0.40997800034533,0.4530143650224641,ns,C:\Users\stavz\Desktop\masters\UNDEFINED\data\smprot_tcga_filtered_peptides.faa,tcga_matrix
AW,104,9556,0.9026993937251884,8.493109617045697e-09,2.7177950774546228e-08,sig_small,C:\Users\stavz\Desktop\masters\UNDEFINED\data\smprot_tcga_filtered_peptides.faa,tcga_matrix
AY,40,17408,-1.330047391001199,5.911519699282546e-12,2.8489251562807447e-11,depleted,C:\Users\stavz\Desktop\masters\UNDEFINED\data\smprot_tcga_filtered_peptides.faa,tcga_matrix
CA,127,14830,0.5556807037079861,4.9860301777561e-05,0.00010496905637381265,sig_small,C:\Users\stavz\Desktop\masters\UNDEFINED\data\smprot_tcga_filtered_peptides.faa,tcga_matrix
CC,116,8708,1.1935845019800075,5.6232608438474376e-15,3.946147960594693e-14,enriched,C:\Users\stavz\Desktop\masters\UNDEFINED\data\smprot_tcga_filtered_peptides.faa,tcga_matrix
CD,83,11743,0.2817363480531616,0.0892113365164543,0.11511140195671522,ns,C:\Users\stavz\Desktop\masters\UNDEFINED\data\smprot_tcga_filtered_peptides.faa,tcga_matrix
CE,100,15456,0.15273252653447836,0.2904848750337258,0.33582066477887373,ns,C:\Users\stavz\Desktop\masters\UNDEFINED\data\smprot_tcga_filtered_peptides.faa,tcga_matrix
CF,95,9765,0.7415575149105854,4.051048564336705e-06,9.366586275923017e-06,sig_small,C:\Users\stavz\Desktop\masters\UNDEFINED\data\smprot_tcga_filtered_peptides.faa,tcga_matrix
CG,159,23124,0.23788494680165348,0.042104770675085695,0.0593024939085714,ns,C:\Users\stavz\Desktop\masters\UNDEFINED\data\smprot_tcga_filtered_peptides.faa,tcga_matrix
CH,67,7822,0.5610084433942099,0.002889994644258249,0.004642561677523292,sig_small,C:\Users\stavz\Desktop\masters\UNDEFINED\data\smprot_tcga_filtered_peptides.faa,tcga_matrix
CI,52,10590,-0.2386306810471068,0.24953960827618665,0.294442015665117,ns,C:\Users\stavz\Desktop\masters\UNDEFINED\data\smprot_tcga_filtered_peptides.faa,tcga_matrix
CK,85,13865,0.07624737786172404,0.6155979295861185,0.6548914144533176,ns,C:\Users\stavz\Desktop\masters\UNDEFINED\data\smprot_tcga_filtered_peptides.faa,tcga_matrix
CL,276,25437,0.8940732857780361,9.726005702916046e-21,1.296800760388806e-19,sig_small,C:\Users\stavz\Desktop\masters\UNDEFINED\data\smprot_tcga_filtered_peptides.faa,tcga_matrix
CM,20,4234,-0.2728170250811023,0.4178956304473871,0.4604910528345863,ns,C:\Users\stavz\Desktop\masters\UNDEFINED\data\smprot_tcga_filtered_peptides.faa,tcga_matrix
CN,57,9664,0.0246175552734512,0.8936557505999907,0.9136432628075402,ns,C:\Users\stavz\Desktop\masters\UNDEFINED\data\smprot_tcga_filtered_peptides.faa,tcga_matrix
CP,171,16556,0.8245615479150229,8.470416837112074e-12,3.986078511582153e-11,sig_small,C:\Users\stavz\Desktop\masters\UNDEFINED\data\smprot_tcga_filtered_peptides.faa,tcga_matrix
CQ,99,13053,0.3820824408440992,0.011331626129415746,0.017366476826690798,sig_small,C:\Users\stavz\Desktop\masters\UNDEFINED\data\smprot_tcga_filtered_peptides.faa,tcga_matrix
CR,253,15283,1.503761476141816,2.566773368897797e-45,1.2833866844488984e-43,enriched,C:\Users\stavz\Desktop\masters\UNDEFINED\data\smprot_tcga_filtered_peptides.faa,tcga_matrix
CS,197,23310,0.5346233980122165,8.833089624881984e-07,2.2221609119199962e-06,sig_small,C:\Users\stavz\Desktop\masters\UNDEFINED\data\smprot_tcga_filtered_peptides.faa,tcga_matrix
CT,120,12714,0.6963091122506854,9.152377441238649e-07,2.288094360309662e-06,sig_small,C:\Users\stavz\Desktop\masters\UNDEFINED\data\smprot_tcga_filtered_peptides.faa,tcga_matrix
CV,103,14894,0.24860176848350354,0.08497879663826183,0.11036207355618419,ns,C:\Users\stavz\Desktop\masters\UNDEFINED\data\smprot_tcga_filtered_peptides.faa,tcga_matrix
CW,48,3463,1.2595047681635194,1.4454055957814455e-07,4.189581437047668e-07,enriched,C:\Users\stavz\Desktop\masters\UNDEFINED\data\smprot_tcga_filtered_peptides.faa,tcga_matrix
CY,19,7066,-1.0837710140551657,0.00021284360827879755,0.0004034949919977205,depleted,C:\Users\stavz\Desktop\masters\UNDEFINED\data\smprot_tcga_filtered_peptides.faa,tcga_matrix
DA,142,32063,-0.3962193023802493,0.000714477026597781,0.001273384017210044,sig_small,C:\Users\stavz\Desktop\masters\UNDEFINED\data\smprot_tcga_filtered_peptides.faa,tcga_matrix
DC,46,12175,-0.6149277033171082,0.0022968160786388074,0.0037346602904696057,sig_small,C:\Users\stavz\Desktop\masters\UNDEFINED\data\smprot_tcga_filtered_peptides.faa,tcga_matrix
DD,86,28702,-0.9566536691686266,6.421261928350386e-12,3.057743775404946e-11,sig_small,C:\Users\stavz\Desktop\masters\UNDEFINED\data\smprot_tcga_filtered_peptides.faa,tcga_matrix
DE,78,38128,-1.506354521804916,9.029166058785544e-29,2.778204941164783e-27,depleted,C:\Users\stavz\Desktop\masters\UNDEFINED\data\smprot_tcga_filtered_peptides.faa,tcga_matrix
DF,94,23750,-0.5558209565077693,8.287845204456037e-05,0.00016658985335590024,sig_small,C:\Users\stavz\Desktop\masters\UNDEFINED\data\smprot_tcga_filtered_peptides.faa,tcga_matrix
DG,129,36702,-0.7291755433415329,5.461325871155547e-10,1.985936680420199e-09,sig_small,C:\Users\stavz\Desktop\masters\UNDEFINED\data\smprot_tcga_filtered_peptides.faa,tcga_matrix
DH,60,12725,-0.2989646004184224,0.10261466975544527,0.13030434254659717,ns,C:\Users\stavz\Desktop\masters\UNDEFINED\data\smprot_tcga_filtered_peptides.faa,tcga_matrix
DI,62,28570,-1.418847494894689,2.707302842830788e-20,3.2815792034312584e-19,depleted,C:\Users\stavz\Desktop\masters\UNDEFINED\data\smprot_tcga_filtered_peptides.faa,tcga_matrix
DK,80,27553,-1.0014242066099077,3.063752684859528e-12,1.551267182207356e-11,depleted,C:\Users\stavz\Desktop\masters\UNDEFINED\data\smprot_tcga_filtered_peptides.faa,tcga_matrix
DL,216,55549,-0.585656206353064,2.435884242020446e-10,9.106109315964284e-10,sig_small,C:\Users\stavz\Desktop\masters\UNDEFINED\data\smprot_tcga_filtered_peptides.faa,tcga_matrix
DM,32,11503,-1.0498105575152483,2.8330336942501164e-06,6.705405193491399e-06,depleted,C:\Users\stavz\Desktop\masters\UNDEFINED\data\smprot_tcga_filtered_peptides.faa,tcga_matrix
DN,34,18754,-1.6688178391749786,6.753952631409726e-17,5.873002288182371e-16,depleted,C:\Users\stavz\Desktop\masters\UNDEFINED\data\smprot_tcga_filtered_peptides.faa,tcga_matrix
DP,140,32906,-0.4540517615996638,0.00010182000429187561,0.00020262687421268778,sig_small,C:\Users\stavz\Desktop\masters\UNDEFINED\data\smprot_tcga_filtered_peptides.faa,tcga_matrix
DQ,74,20421,-0.6810258135582128,1.4185193497023697e-05,3.117624944400813e-05,sig_small,C:\Users\stavz\Desktop\masters\UNDEFINED\data\smprot_tcga_filtered_peptides.faa,tcga_matrix
DR,97,27298,-0.7115968613372143,1.6583437549020035e-07,4.772212244322311e-07,sig_small,C:\Users\stavz\Desktop\masters\UNDEFINED\data\smprot_tcga_filtered_peptides.faa,tcga_matrix
DS,209,47293,-0.4009409751300518,3.28538738135353e-05,7.065349207211893e-05,sig_small,C:\Users\stavz\Desktop\masters\UNDEFINED\data\smprot_tcga_filtered_peptides.faa,tcga_matrix
DT,107,27695,-0.5915642298826448,6.308534773634e-06,1.425657575962486e-05,sig_small,C:\Users\stavz\Desktop\masters\UNDEFINED\data\smprot_tcga_filtered_peptides.faa,tcga_matrix
DV,91,34544,-1.1428616871073507,4.647621561867822e-18,4.647621561867821e-17,depleted,C:\Users\stavz\Desktop\masters\UNDEFINED\data\smprot_tcga_filtered_peptides.faa,tcga_matrix
DW,67,7095,0.7017338463160631,0.00023301270518932314,0.00043758254495647534,sig_small,C:\Users\stavz\Desktop\masters\UNDEFINED\data\smprot_tcga_filtered_peptides.faa,tcga_matrix
DY,45,16021,-1.0423200801072863,4.104758791253945e-08,1.248293809192417e-07,depleted,C:\Users\stavz\Desktop\masters\UNDEFINED\data\smprot_tcga_filtered_peptides.faa,tcga_matrix
EA,247,60171,-0.5079011019041368,6.181625997882575e-09,2.010284877360187e-08,sig_small,C:\Users\stavz\Desktop\masters\UNDEFINED\data\smprot_tcga_filtered_peptides.faa,tcga_matrix
EC,76,18614,-0.5091445171800754,0.0012183724931604599,0.0020738255202731233,sig_small,C:\Users\stavz\Desktop\masters\UNDEFINED\data\smprot_tcga_filtered_peptides.faa,tcga_matrix
ED,172,49974,-0.7608450761424579,4.813254896347661e-14,3.1053257395791365e-13,sig_small,C:\Users\stavz\Desktop\masters\UNDEFINED\data\smprot_tcga_filtered_peptides.faa,tcga_matrix
EE,230,91309,-1.2122475231809058,2.7447108003470025e-49,2.195768640277602e-47,depleted,C:\Users\stavz\Desktop\masters\UNDEFINED\data\smprot_tcga_filtered_peptides.faa,tcga_matrix
EF,76,22777,-0.8003270616116634,1.201924463650099e-07,3.5350719519120555e-07,sig_small,C:\Users\stavz\Desktop\masters\UNDEFINED\data\smprot_tcga_filtered_peptides.faa,tcga_matrix
EG,290,47623,0.06061520565026258,0.4509780507279051,0.49152921060262134,ns,C:\Users\stavz\Desktop\masters\UNDEFINED\data\smprot_tcga_filtered_peptides.faa,tcga_matrix
EH,70,17017,-0.4975732524103992,0.002453935865171116,0.003957961072856639,sig_small,C:\Users\stavz\Desktop\masters\UNDEFINED\data\smprot_tcga_filtered_peptides.faa,tcga_matrix
EI,112,34994,-0.8634524988829088,2.6574920360833314e-12,1.3628164287606829e-11,sig_small,C:\Users\stavz\Desktop\masters\UNDEFINED\data\smprot_tcga_filtered_peptides.faa,tcga_matrix
EK,161,62764,-1.184663932698584,2.678865512812012e-33,1.071546205124805e-31,depleted,C:\Users\stavz\Desktop\masters\UNDEFINED\data\smprot_tcga_filtered_peptides.faa,tcga_matrix
EL,293,72535,-0.5315760472888708,3.014371917750913e-11,1.2692092285267002e-10,sig_small,C:\Users\stavz\Desktop\masters\UNDEFINED\data\smprot_tcga_filtered_peptides.faa,tcga_matrix
EM,69,17708,-0.575606436013194,0.00043826000533561573,0.0007968363733374832,sig_small,C:\Users\stavz\Desktop\masters\UNDEFINED\data\smprot_tcga_filtered_peptides.faa,tcga_matrix
EN,177,35375,-0.221180819935495,0.04234113531805575,0.059426154832358954,ns,C:\Users\stavz\Desktop\masters\UNDEFINED\data\smprot_tcga_filtered_peptides.faa,tcga_matrix
EP,175,37983,-0.340151123915067,0.0014851345309679275,0.0024446658945974117,sig_small,C:\Users\stavz\Desktop\masters\UNDEFINED\data\smprot_tcga_filtered_peptides.faa,tcga_matrix
EQ,101,35722,-1.0416026273157013,2.4795566090670413e-16,2.0241278441363602e-15,depleted,C:\Users\stavz\Desktop\masters\UNDEFINED\data\smprot_tcga_filtered_peptides.faa,tcga_matrix
ER,312,45381,0.23550258910626137,0.004484634061066588,0.007090330531330574,sig_small,C:\Users\stavz\Desktop\masters\UNDEFINED\data\smprot_tcga_filtered_peptides.faa,tcga_matrix
ES,231,49083,-0.3104752388258807,0.0008651476247004378,0.001524489206520595,sig_small,C:\Users\stavz\Desktop\masters\UNDEFINED\data\smprot_tcga_filtered_peptides.faa,tcga_matrix
ET,166,38513,-0.43609136522080333,5.559832673701982e-05,0.0001158298473687913,sig_small,C:\Users\stavz\Desktop\masters\UNDEFINED\data\smprot_tcga_filtered_peptides.faa,tcga_matrix
EV,202,47180,-0.446518105067112,4.575349802515518e-06,1.0457942405749756e-05,sig_small,C:\Users\stavz\Desktop\masters\UNDEFINED\data\smprot_tcga_filtered_peptides.faa,tcga_matrix
EW,65,8079,0.47097958681553637,0.01279100416593885,0.01938030934233159,sig_small,C:\Users\stavz\Desktop\masters\UNDEFINED\data\smprot_tcga_filtered_peptides.faa,tcga_matrix
EY,25,17402,-1.996974728060888,2.2666105676445453e-19,2.5904120773080517e-18,depleted,C:\Users\stavz\Desktop\masters\UNDEFINED\data\smprot_tcga_filtered_peptides.faa,tcga_matrix
FA,154,22287,0.24512273497631798,0.03847802700343606,0.05457876170700151,ns,C:\Users\stavz\Desktop\masters\UNDEFINED\data\smprot_tcga_filtered_peptides.faa,tcga_matrix
FC,107,11049,0.7341062666905341,1.3289091053241036e-06,3.221597831088736e-06,sig_small,C:\Users\stavz\Desktop\masters\UNDEFINED\data\smprot_tcga_filtered_peptides.faa,tcga_matrix
FD,25,18322,-2.071296517432616,4.43597170741671e-21,6.337102439166729e-20,depleted,C:\Users\stavz\Desktop\masters\UNDEFINED\data\smprot_tcga_filtered_peptides.faa,tcga_matrix
FE,67,22186,-0.942971993191207,2.7002596499445022e-09,8.926478181634718e-09,sig_small,C:\Users\stavz\Desktop\masters\UNDEFINED\data\smprot_tcga_filtered_peptides.faa,tcga_matrix
FF,194,18346,0.8580159865269951,5.494983153382906e-14,3.488878192624068e-13,sig_small,C:\Users\stavz\Desktop\masters\UNDEFINED\data\smprot_tcga_filtered_peptides.faa,tcga_matrix
FG,104,25027,-0.4862605502382923,0.0003399764953974585,0.0006295861025878861,sig_small,C:\Users\stavz\Desktop\masters\UNDEFINED\data\smprot_tcga_filtered_peptides.faa,tcga_matrix
FH,72,12127,0.031521415404417365,0.8578505026243723,0.8821084859890719,ns,C:\Users\stavz\Desktop\masters\UNDEFINED\data\smprot_tcga_filtered_peptides.faa,tcga_matrix
FI,103,20738,-0.22893008646338814,0.10975886352804581,0.13806146355729032,ns,C:\Users\stavz\Desktop\masters\UNDEFINED\data\smprot_tcga_filtered_peptides.faa,tcga_matrix
FK,123,19985,0.07930806975318583,0.5453915910366371,0.5848703389132838,ns,C:\Users\stavz\Desktop\masters\UNDEFINED\data\smprot_tcga_filtered_peptides.faa,tcga_matrix
FL,256,47609,-0.11853995710877105,0.20505076412176762,0.24704911339972002,ns,C:\Users\stavz\Desktop\masters\UNDEFINED\data\smprot_tcga_filtered_peptides.faa,tcga_matrix
FM,33,7840,-0.4530338697516132,0.06289516332659267,0.08330485208820221,ns,C:\Users\stavz\Desktop\masters\UNDEFINED\data\smprot_tcga_filtered_peptides.faa,tcga_matrix
FN,59,15281,-0.5870738940145068,0.0009443540443913256,0.0016567614813882906,sig_small,C:\Users\stavz\Desktop\masters\UNDEFINED\data\smprot_tcga_filtered_peptides.faa,tcga_matrix
FP,225,23256,0.7292441342290019,2.396935302423768e-12,1.245161196064295e-11,sig_small,C:\Users\stavz\Desktop\masters\UNDEFINED\data\smprot_tcga_filtered_peptides.faa,tcga_matrix
FQ,100,20890,-0.28190082664796196,0.050184657247016956,0.06874610581783146,ns,C:\Users\stavz\Desktop\masters\UNDEFINED\data\smprot_tcga_filtered_peptides.faa,tcga_matrix
FR,155,22555,0.23718600763775227,0.0440618827569523,0.06098530485391322,ns,C:\Users\stavz\Desktop\masters\UNDEFINED\data\smprot_tcga_filtered_peptides.faa,tcga_matrix
FS,259,40230,0.1411955648408407,0.11537611523402734,0.14345644250462838,ns,C:\Users\stavz\Desktop\masters\UNDEFINED\data\smprot_tcga_filtered_peptides.faa,tcga_matrix
FT,92,23844,-0.5923805654554796,2.8604650886502325e-05,6.21840236663094e-05,sig_small,C:\Users\stavz\Desktop\masters\UNDEFINED\data\smprot_tcga_filtered_peptides.faa,tcga_matrix
FV,86,24043,-0.7011241911566994,1.2213849517472804e-06,2.9972636852693996e-06,sig_small,C:\Users\stavz\Desktop\masters\UNDEFINED\data\smprot_tcga_filtered_peptides.faa,tcga_matrix
FW,54,5747,0.6970723636430469,0.0009657928310164215,0.0016869743773212603,sig_small,C:\Users\stavz\Desktop\masters\UNDEFINED\data\smprot_tcga_filtered_peptides.faa,tcga_matrix
FY,48,13955,-0.7510264673410747,9.19944899437472e-05,0.00018398897988749436,sig_small,C:\Users\stavz\Desktop\masters\UNDEFINED\data\smprot_tcga_filtered_peptides.faa,tcga_matrix
GA,471,53346,0.5956148449371715,3.629803826889044e-17,3.299821660808222e-16,sig_small,C:\Users\stavz\Desktop\masters\UNDEFINED\data\smprot_tcga_filtered_peptides.faa,tcga_matrix
GC,154,15634,0.7566244510151775,2.4240076618879104e-09,8.147924913908942e-09,sig_small,C:\Users\stavz\Desktop\masters\UNDEFINED\data\smprot_tcga_filtered_peptides.faa,tcga_matrix
GD,191,35239,-0.10609836769952471,0.3264920623187981,0.3731337855071979,ns,C:\Users\stavz\Desktop\masters\UNDEFINED\data\smprot_tcga_filtered_peptides.faa,tcga_matrix
GE,247,49385,-0.22290829664138692,0.015083489854885413,0.022681939631406633,sig_small,C:\Users\stavz\Desktop\masters\UNDEFINED\data\smprot_tcga_filtered_peptides.faa,tcga_matrix
GF,193,27740,0.2540904697634517,0.016048733842564895,0.0240430469551534,sig_small,C:\Users\stavz\Desktop\masters\UNDEFINED\data\smprot_tcga_filtered_peptides.faa,tcga_matrix
GG,505,59642,0.5351210553271056,2.599295313060075e-15,1.9254039356000553e-14,sig_small,C:\Users\stavz\Desktop\masters\UNDEFINED\data\smprot_tcga_filtered_peptides.faa,tcga_matrix
GH,127,19748,0.14250486442775262,0.2618116285277364,0.3080136806208663,ns,C:\Users\stavz\Desktop\masters\UNDEFINED\data\smprot_tcga_filtered_peptides.faa,tcga_matrix
GI,192,30900,0.09097895798374794,0.3693718167259141,0.4150245131751844,ns,C:\Users\stavz\Desktop\masters\UNDEFINED\data\smprot_tcga_filtered_peptides.faa,tcga_matrix
GK,189,44882,-0.4702044946437507,3.022582505942743e-06,7.111958837512337e-06,sig_small,C:\Users\stavz\Desktop\masters\UNDEFINED\data\smprot_tcga_filtered_peptides.faa,tcga_matrix
GL,451,68587,0.17053101170792379,0.011909065801178008,0.018112647606354382,sig_small,C:\Users\stavz\Desktop\masters\UNDEFINED\data\smprot_tcga_filtered_peptides.faa,tcga_matrix
GM,129,13576,0.7055911895692025,2.6234324272411943e-07,7.138591638751549e-07,sig_small,C:\Users\stavz\Desktop\masters\UNDEFINED\data\smprot_tcga_filtered_peptides.faa,tcga_matrix
GN,147,26880,-0.09209432454092438,0.4701562258731712,0.5110393759490991,ns,C:\Users\stavz\Desktop\masters\UNDEFINED\data\smprot_tcga_filtered_peptides.faa,tcga_matrix
GP,357,51475,0.2478079982478313,0.0014156410559473362,0.0023399025718137787,sig_small,C:\Users\stavz\Desktop\masters\UNDEFINED\data\smprot_tcga_filtered_peptides.faa,tcga_matrix
GQ,188,32073,0.006933422655002515,0.9414344363173257,0.9461652626304781,ns,C:\Users\stavz\Desktop\masters\UNDEFINED\data\smprot_tcga_filtered_peptides.faa,tcga_matrix
GR,550,42882,1.134104242791973,5.533596830924621e-60,5.533596830924621e-58,enriched,C:\Users\stavz\Desktop\masters\UNDEFINED\data\smprot_tcga_filtered_peptides.faa,tcga_matrix
GS,448,66959,0.19556992480587143,0.0043616027224112775,0.006950761310615582,sig_small,C:\Users\stavz\Desktop\masters\UNDEFINED\data\smprot_tcga_filtered_peptides.faa,tcga_matrix
GT,245,41053,0.031968495592089675,0.6968743181950664,0.7259107481198609,ns,C:\Users\stavz\Desktop\masters\UNDEFINED\data\smprot_tcga_filtered_peptides.faa,tcga_matrix
GV,241,40048,0.04402567565802123,0.6218838607422763,0.6594392635530284,ns,C:\Users\stavz\Desktop\masters\UNDEFINED\data\smprot_tcga_filtered_peptides.faa,tcga_matrix
GW,136,8926,1.3864851222062469,4.325312348273645e-22,6.407870145590585e-21,enriched,C:\Users\stavz\Desktop\masters\UNDEFINED\data\smprot_tcga_filtered_peptides.faa,tcga_matrix
GY,87,19635,-0.3923587186236476,0.009725590749737617,0.014962447307288641,sig_small,C:\Users\stavz\Desktop\masters\UNDEFINED\data\smprot_tcga_filtered_peptides.faa,tcga_matrix
HA,96,15059,0.1316776712173236,0.39122021463528256,0.43348500236596405,ns,C:\Users\stavz\Desktop\masters\UNDEFINED\data\smprot_tcga_filtered_peptides.faa,tcga_matrix
HC,91,8420,0.8936165366186206,9.299797701899782e-08,2.755495615377713e-07,sig_small,C:\Users\stavz\Desktop\masters\UNDEFINED\data\smprot_tcga_filtered_peptides.faa,tcga_matrix
HD,21,9799,-1.41462078594854,8.143518112251867e-08,2.430900929030408e-07,depleted,C:\Users\stavz\Desktop\masters\UNDEFINED\data\smprot_tcga_filtered_peptides.faa,tcga_matrix
HE,32,15088,-1.4411870717359794,1.4155703641016572e-11,6.29142384045181e-11,depleted,C:\Users\stavz\Desktop\masters\UNDEFINED\data\smprot_tcga_filtered_peptides.faa,tcga_matrix
HF,136,12548,0.8951367256418667,5.46049138800493e-11,2.228771995104053e-10,sig_small,C:\Users\stavz\Desktop\masters\UNDEFINED\data\smprot_tcga_filtered_peptides.faa,tcga_matrix
HG,90,17955,-0.21468543573827167,0.1690683321452715,0.20555420321613557,ns,C:\Users\stavz\Desktop\masters\UNDEFINED\data\smprot_tcga_filtered_peptides.faa,tcga_matrix
HH,125,10560,1.0227599163694578,1.2493955777971462e-12,6.941086543317479e-12,enriched,C:\Users\stavz\Desktop\masters\UNDEFINED\data\smprot_tcga_filtered_peptides.faa,tcga_matrix
HI,57,13859,-0.4954906553941023,0.007204129621274272,0.011126068913164897,sig_small,C:\Users\stavz\Desktop\masters\UNDEFINED\data\smprot_tcga_filtered_peptides.faa,tcga_matrix
HK,41,14867,-1.0672281394449785,7.771774149749892e-08,2.3373756841353058e-07,depleted,C:\Users\stavz\Desktop\masters\UNDEFINED\data\smprot_tcga_filtered_peptides.faa,tcga_matrix
HL,272,34195,0.44620044025998234,1.0781322642767081e-06,2.678589476463871e-06,sig_small,C:\Users\stavz\Desktop\masters\UNDEFINED\data\smprot_tcga_filtered_peptides.faa,tcga_matrix
HM,27,6166,-0.3912695592887709,0.15382799632460978,0.18816880284355936,ns,C:\Users\stavz\Desktop\masters\UNDEFINED\data\smprot_tcga_filtered_peptides.faa,tcga_matrix
HN,18,9731,-1.6213862317334824,4.4772984940605936e-09,1.467966719364129e-08,depleted,C:\Users\stavz\Desktop\masters\UNDEFINED\data\smprot_tcga_filtered_peptides.faa,tcga_matrix
HP,189,19091,0.7630180847964113,2.244632970077276e-11,9.551629659903301e-11,sig_small,C:\Users\stavz\Desktop\masters\UNDEFINED\data\smprot_tcga_filtered_peptides.faa,tcga_matrix
HQ,85,16177,-0.14624165741141146,0.3791883774984908,0.4224940139258951,ns,C:\Users\stavz\Desktop\masters\UNDEFINED\data\smprot_tcga_filtered_peptides.faa,tcga_matrix
HR,121,18464,0.16995281217927097,0.20830164138503535,0.25021218184388627,ns,C:\Users\stavz\Desktop\masters\UNDEFINED\data\smprot_tcga_filtered_peptides.faa,tcga_matrix
HS,156,27201,-0.023772857815386954,0.8733007302246192,0.895693056640635,ns,C:\Users\stavz\Desktop\masters\UNDEFINED\data\smprot_tcga_filtered_peptides.faa,tcga_matrix
HT,90,19487,-0.33280863091764096,0.02664077372755696,0.039034100699717154,sig_small,C:\Users\stavz\Desktop\masters\UNDEFINED\data\smprot_tcga_filtered_peptides.faa,tcga_matrix
HV,67,16718,-0.5347353112568501,0.0013344180828550752,0.00224271946698332,sig_small,C:\Users\stavz\Desktop\masters\UNDEFINED\data\smprot_tcga_filtered_peptides.faa,tcga_matrix
HW,45,4100,0.9238174025850107,0.00012545716618552442,0.00024720623878921066,sig_small,C:\Users\stavz\Desktop\masters\UNDEFINED\data\smprot_tcga_filtered_peptides.faa,tcga_matrix
HY,18,9152,-1.532889903091295,4.1193695703349766e-08,1.248293809192417e-07,depleted,C:\Users\stavz\Desktop\masters\UNDEFINED\data\smprot_tcga_filtered_peptides.faa,tcga_matrix
IA,140,28517,-0.24752668764529634,0.04265868583159976,0.059454614399442184,ns,C:\Users\stavz\Desktop\masters\UNDEFINED\data\smprot_tcga_filtered_peptides.faa,tcga_matrix
IC,137,12630,0.8962705615213304,4.2787559823824374e-11,1.782814992659349e-10,sig_small,C:\Users\stavz\Desktop\masters\UNDEFINED\data\smprot_tcga_filtered_peptides.faa,tcga_matrix
ID,39,21955,-1.7009071367195736,5.353338410596608e-20,6.298045188937185e-19,depleted,C:\Users\stavz\Desktop\masters\UNDEFINED\data\smprot_tcga_filtered_peptides.faa,tcga_matrix
IE,53,27902,-1.6090328986887972,2.5069423866213944e-23,4.1782373110356575e-22,depleted,C:\Users\stavz\Desktop\masters\UNDEFINED\data\smprot_tcga_filtered_peptides.faa,tcga_matrix
IF,135,21712,0.09351769734041693,0.448149608374805,0.4897809927593497,ns,C:\Users\stavz\Desktop\masters\UNDEFINED\data\smprot_tcga_filtered_peptides.faa,tcga_matrix
IG,103,24261,-0.45528728736345175,0.0008363507338979725,0.0014802667856601284,sig_small,C:\Users\stavz\Desktop\masters\UNDEFINED\data\smprot_tcga_filtered_peptides.faa,tcga_matrix
IH,76,16931,-0.37242744290751256,0.022740728824730317,0.033442248271662235,sig_small,C:\Users\stavz\Desktop\masters\UNDEFINED\data\smprot_tcga_filtered_peptides.faa,tcga_matrix
II,181,27031,0.19907867249863154,0.06583950699485729,0.08663093025639117,ns,C:\Users\stavz\Desktop\masters\UNDEFINED\data\smprot_tcga_filtered_peptides.faa,tcga_matrix
IK,96,28763,-0.8018876942760035,2.5502943418986717e-09,8.50098113966224e-09,sig_small,C:\Users\stavz\Desktop\masters\UNDEFINED\data\smprot_tcga_filtered_peptides.faa,tcga_matrix
IL,348,52115,0.19319683342263122,0.013151040559261772,0.01985062725926305,sig_small,C:\Users\stavz\Desktop\masters\UNDEFINED\data\smprot_tcga_filtered_peptides.faa,tcga_matrix
IM,59,10243,-0.00999647151200819,1.0,1.0,ns,C:\Users\stavz\Desktop\masters\UNDEFINED\data\smprot_tcga_filtered_peptides.faa,tcga_matrix
IN,26,20185,-2.1555043637009264,3.3018601684148602e-24,6.289257463647352e-23,depleted,C:\Users\stavz\Desktop\masters\UNDEFINED\data\smprot_tcga_filtered_peptides.faa,tcga_matrix
IP,236,29450,0.4572987504402696,3.462803431793664e-06,8.053031236729451e-06,sig_small,C:\Users\stavz\Desktop\masters\UNDEFINED\data\smprot_tcga_filtered_peptides.faa,tcga_matrix
IQ,103,25638,-0.5349303960302562,7.727721241885799e-05,0.00015690804552052383,sig_small,C:\Users\stavz\Desktop\masters\UNDEFINED\data\smprot_tcga_filtered_peptides.faa,tcga_matrix
IR,170,26375,0.14432399071677704,0.19506768804654365,0.23573134507135182,ns,C:\Users\stavz\Desktop\masters\UNDEFINED\data\smprot_tcga_filtered_peptides.faa,tcga_matrix
IS,264,42054,0.10475823414607532,0.23515421655673086,0.2791147970999773,ns,C:\Users\stavz\Desktop\masters\UNDEFINED\data\smprot_tcga_filtered_peptides.faa,tcga_matrix
IT,157,29361,-0.1248231501605584,0.29983721776453015,0.3456336804202077,ns,C:\Users\stavz\Desktop\masters\UNDEFINED\data\smprot_tcga_filtered_peptides.faa,tcga_matrix
IV,94,27631,-0.7741769530875313,1.3567245902640262e-08,4.307062191314369e-08,sig_small,C:\Users\stavz\Desktop\masters\UNDEFINED\data\smprot_tcga_filtered_peptides.faa,tcga_matrix
IW,24,5917,-0.4984553570351057,0.08627728633824713,0.11168580755760146,ns,C:\Users\stavz\Desktop\masters\UNDEFINED\data\smprot_tcga_filtered_peptides.faa,tcga_matrix
IY,40,15686,-1.1797789837011827,2.3293653683594238e-09,7.963642284989482e-09,depleted,C:\Users\stavz\Desktop\masters\UNDEFINED\data\smprot_tcga_filtered_peptides.faa,tcga_matrix
KA,193,46402,-0.48811827360608223,8.279993967943171e-07,2.0962010045425748e-06,sig_small,C:\Users\stavz\Desktop\masters\UNDEFINED\data\smprot_tcga_filtered_peptides.faa,tcga_matrix
KC,65,14371,-0.3598931419482046,0.04209422739670165,0.0593024939085714,ns,C:\Users\stavz\Desktop\masters\UNDEFINED\data\smprot_tcga_filtered_peptides.faa,tcga_matrix
KD,113,34693,-0.8382223998073169,1.2221962566350308e-11,5.522512701744013e-11,sig_small,C:\Users\stavz\Desktop\masters\UNDEFINED\data\smprot_tcga_filtered_peptides.faa,tcga_matrix
KE,195,57293,-0.7774521709639641,2.320742201894217e-16,1.9339518349118474e-15,sig_small,C:\Users\stavz\Desktop\masters\UNDEFINED\data\smprot_tcga_filtered_peptides.faa,tcga_matrix
KF,77,19129,-0.5297802553355867,0.0007162785096806497,0.001273384017210044,sig_small,C:\Users\stavz\Desktop\masters\UNDEFINED\data\smprot_tcga_filtered_peptides.faa,tcga_matrix
KG,151,36559,-0.49717785135385084,8.70726891640196e-06,1.9566896441352717e-05,sig_small,C:\Users\stavz\Desktop\masters\UNDEFINED\data\smprot_tcga_filtered_peptides.faa,tcga_matrix
KH,63,16087,-0.5673609567515974,0.0010557728777267229,0.0018258464995576974,sig_small,C:\Users\stavz\Desktop\masters\UNDEFINED\data\smprot_tcga_filtered_peptides.faa,tcga_matrix
KI,122,31428,-0.5855409737988172,1.922332089391166e-06,4.604388238062674e-06,sig_small,C:\Users\stavz\Desktop\masters\UNDEFINED\data\smprot_tcga_filtered_peptides.faa,tcga_matrix
KK,185,52879,-0.7375386540217485,4.1563509006826267e-14,2.7709006004550846e-13,sig_small,C:\Users\stavz\Desktop\masters\UNDEFINED\data\smprot_tcga_filtered_peptides.faa,tcga_matrix
KL,195,57163,-0.7741749500694001,2.76258815267674e-16,2.210070522141392e-15,sig_small,C:\Users\stavz\Desktop\masters\UNDEFINED\data\smprot_tcga_filtered_peptides.faa,tcga_matrix
KM,87,15186,-0.0216837965703545,0.9150834855636101,0.9313826825074912,ns,C:\Users\stavz\Desktop\masters\UNDEFINED\data\smprot_tcga_filtered_peptides.faa,tcga_matrix
KN,74,26592,-1.0619563880676761,6.837479462761605e-13,3.852101105781187e-12,depleted,C:\Users\stavz\Desktop\masters\UNDEFINED\data\smprot_tcga_filtered_peptides.faa,tcga_matrix
KP,144,37074,-0.5856070486856146,2.3027064014520808e-07,6.396406670700224e-07,sig_small,C:\Users\stavz\Desktop\masters\UNDEFINED\data\smprot_tcga_filtered_peptides.faa,tcga_matrix
KQ,97,28998,-0.798753457481148,2.3539024977561037e-09,7.979330500868149e-09,sig_small,C:\Users\stavz\Desktop\masters\UNDEFINED\data\smprot_tcga_filtered_peptides.faa,tcga_matrix
KR,276,37160,0.34726026163152424,0.00011441278228902174,0.0002265599649287559,sig_small,C:\Users\stavz\Desktop\masters\UNDEFINED\data\smprot_tcga_filtered_peptides.faa,tcga_matrix
KS,213,43977,-0.2687788287334686,0.006278966881277572,0.009734832374073755,sig_small,C:\Users\stavz\Desktop\masters\UNDEFINED\data\smprot_tcga_filtered_peptides.faa,tcga_matrix
KT,165,35183,-0.31431709528396484,0.004454258421896556,0.007070251463327866,sig_small,C:\Users\stavz\Desktop\masters\UNDEFINED\data\smprot_tcga_filtered_peptides.faa,tcga_matrix
KV,126,38353,-0.8264701591870367,1.7462118269653467e-12,9.313129743815184e-12,sig_small,C:\Users\stavz\Desktop\masters\UNDEFINED\data\smprot_tcga_filtered_peptides.faa,tcga_matrix
KW,52,6711,0.4194328770241857,0.04485085626238714,0.06186325001708571,ns,C:\Users\stavz\Desktop\masters\UNDEFINED\data\smprot_tcga_filtered_peptides.faa,tcga_matrix
KY,45,17459,-1.1663230989638995,5.068380929851683e-10,1.87717812216729e-09,depleted,C:\Users\stavz\Desktop\masters\UNDEFINED\data\smprot_tcga_filtered_peptides.faa,tcga_matrix
LA,471,79185,0.02577218924782322,0.6563806839531443,0.6891135789534324,ns,C:\Users\stavz\Desktop\masters\UNDEFINED\data\smprot_tcga_filtered_peptides.faa,tcga_matrix
LC,262,25639,0.807699989472007,1.0800432257033446e-16,9.191857240028465e-16,sig_small,C:\Users\stavz\Desktop\masters\UNDEFINED\data\smprot_tcga_filtered_peptides.faa,tcga_matrix
LD,171,53214,-0.8598601368080662,7.849193858872078e-18,7.475422722735313e-17,sig_small,C:\Users\stavz\Desktop\masters\UNDEFINED\data\smprot_tcga_filtered_peptides.faa,tcga_matrix
LE,435,81479,-0.13001371369320713,0.0680239503449625,0.08921173815732787,ns,C:\Users\stavz\Desktop\masters\UNDEFINED\data\smprot_tcga_filtered_peptides.faa,tcga_matrix
LF,236,38681,0.06394713720585363,0.4823985981944824,0.5215119980480891,ns,C:\Users\stavz\Desktop\masters\UNDEFINED\data\smprot_tcga_filtered_peptides.faa,tcga_matrix
LG,574,68786,0.5139321373813462,4.627061111938141e-16,3.559277778413954e-15,sig_small,C:\Users\stavz\Desktop\masters\UNDEFINED\data\smprot_tcga_filtered_peptides.faa,tcga_matrix
LH,157,31264,-0.21542292170899288,0.06271572519733046,0.08330485208820221,ns,C:\Users\stavz\Desktop\masters\UNDEFINED\data\smprot_tcga_filtered_peptides.faa,tcga_matrix
LI,242,44430,-0.09981493485563758,0.30280512926085856,0.34805187271363053,ns,C:\Users\stavz\Desktop\masters\UNDEFINED\data\smprot_tcga_filtered_peptides.faa,tcga_matrix
LK,301,64418,-0.3215663707944825,7.848296985173329e-05,0.00015855145424592586,sig_small,C:\Users\stavz\Desktop\masters\UNDEFINED\data\smprot_tcga_filtered_peptides.faa,tcga_matrix
LL,718,126962,-0.04759168497007358,0.42541618162372585,0.4662095141081927,ns,C:\Users\stavz\Desktop\masters\UNDEFINED\data\smprot_tcga_filtered_peptides.faa,tcga_matrix
LM,99,20508,-0.2697028509107088,0.05967124349577014,0.0806368155348245,ns,C:\Users\stavz\Desktop\masters\UNDEFINED\data\smprot_tcga_filtered_peptides.faa,tcga_matrix
LN,137,39321,-0.7421360439822253,6.633343113640582e-11,2.6801386317739726e-10,sig_small,C:\Users\stavz\Desktop\masters\UNDEFINED\data\smprot_tcga_filtered_peptides.faa,tcga_matrix
LP,593,69715,0.5415192752555223,4.386921941556344e-18,4.499407119544968e-17,sig_small,C:\Users\stavz\Desktop\masters\UNDEFINED\data\smprot_tcga_filtered_peptides.faa,tcga_matrix
LQ,412,65828,0.09943248987056408,0.15064930833856574,0.1854145333397732,ns,C:\Users\stavz\Desktop\masters\UNDEFINED\data\smprot_tcga_filtered_peptides.faa,tcga_matrix
LR,625,68098,0.6511375586244721,4.9380891675884374e-26,1.0395977194923026e-24,sig_small,C:\Users\stavz\Desktop\masters\UNDEFINED\data\smprot_tcga_filtered_peptides.faa,tcga_matrix
LS,590,91757,0.13786166970861355,0.018747147348774255,0.02787679903163458,sig_small,C:\Users\stavz\Desktop\masters\UNDEFINED\data\smprot_tcga_filtered_peptides.faa,tcga_matrix
LT,348,58913,0.016311085981426283,0.8071024012153998,0.8320643311498968,ns,C:\Users\stavz\Desktop\masters\UNDEFINED\data\smprot_tcga_filtered_peptides.faa,tcga_matrix
LV,304,63440,-0.2852112187158329,0.000453675813089871,0.0008211326933753321,sig_small,C:\Users\stavz\Desktop\masters\UNDEFINED\data\smprot_tcga_filtered_peptides.faa,tcga_matrix
LW,147,13372,0.9151964454873532,4.233973674817054e-12,2.116986837408527e-11,sig_small,C:\Users\stavz\Desktop\masters\UNDEFINED\data\smprot_tcga_filtered_peptides.faa,tcga_matrix
LY,157,29153,-0.11456657210695491,0.33555819314013124,0.38023591290666425,ns,C:\Users\stavz\Desktop\masters\UNDEFINED\data\smprot_tcga_filtered_peptides.faa,tcga_matrix
MA,129,22495,-0.02293364096761846,0.8953703975513894,0.9136432628075402,ns,C:\Users\stavz\Desktop\masters\UNDEFINED\data\smprot_tcga_filtered_peptides.faa,tcga_matrix
MC,44,4418,0.7839993466448381,0.0010252775744032448,0.0017830914337447737,sig_small,C:\Users\stavz\Desktop\masters\UNDEFINED\data\smprot_tcga_filtered_peptides.faa,tcga_matrix
MD,71,13885,-0.18381328608869946,0.28910809812426497,0.335197794926684,ns,C:\Users\stavz\Desktop\masters\UNDEFINED\data\smprot_tcga_filtered_peptides.faa,tcga_matrix
ME,121,20704,0.00476264553188678,0.9635515294734476,0.9659664455874162,ns,C:\Users\stavz\Desktop\masters\UNDEFINED\data\smprot_tcga_filtered_peptides.faa,tcga_matrix
MF,44,8151,-0.09950953083040927,0.6624867600894558,0.6937034137062364,ns,C:\Users\stavz\Desktop\masters\UNDEFINED\data\smprot_tcga_filtered_peptides.faa,tcga_matrix
MG,117,14721,0.44848677382132957,0.001376554163660561,0.0022847372010963663,sig_small,C:\Users\stavz\Desktop\masters\UNDEFINED\data\smprot_tcga_filtered_peptides.faa,tcga_matrix
MH,37,5254,0.28708780144432466,0.2388274678517264,0.282636056629262,ns,C:\Users\stavz\Desktop\masters\UNDEFINED\data\smprot_tcga_filtered_peptides.faa,tcga_matrix
MI,48,9423,-0.18452755147376695,0.37892047413653607,0.4224940139258951,ns,C:\Users\stavz\Desktop\masters\UNDEFINED\data\smprot_tcga_filtered_peptides.faa,tcga_matrix
MK,87,16093,-0.10537249945785782,0.5337737009383481,0.5739502160627399,ns,C:\Users\stavz\Desktop\masters\UNDEFINED\data\smprot_tcga_filtered_peptides.faa,tcga_matrix
ML,147,22327,0.17564392687431174,0.14643617896768818,0.18134511327267885,ns,C:\Users\stavz\Desktop\masters\UNDEFINED\data\smprot_tcga_filtered_peptides.faa,tcga_matrix
MM,28,5855,-0.26507975345955204,0.3438737455521885,0.3885579045787441,ns,C:\Users\stavz\Desktop\masters\UNDEFINED\data\smprot_tcga_filtered_peptides.faa,tcga_matrix
MN,35,10000,-0.7204305085218399,0.0015310168155871365,0.00250986363211006,sig_small,C:\Users\stavz\Desktop\masters\UNDEFINED\data\smprot_tcga_filtered_peptides.faa,tcga_matrix
MP,57,12530,-0.350059427279092,0.06005682394351547,0.08088461137173801,ns,C:\Users\stavz\Desktop\masters\UNDEFINED\data\smprot_tcga_filtered_peptides.faa,tcga_matrix
MQ,76,10231,0.3542646791765221,0.03773125938501456,0.05370997777226272,ns,C:\Users\stavz\Desktop\masters\UNDEFINED\data\smprot_tcga_filtered_peptides.faa,tcga_matrix
MR,128,11607,0.9204617732115173,7.187522423084408e-11,2.8750089692337633e-10,sig_small,C:\Users\stavz\Desktop\masters\UNDEFINED\data\smprot_tcga_filtered_peptides.faa,tcga_matrix
MS,178,17665,0.7887401854565762,2.0301869870099493e-11,8.731987040903008e-11,sig_small,C:\Users\stavz\Desktop\masters\UNDEFINED\data\smprot_tcga_filtered_peptides.faa,tcga_matrix
MT,59,12637,-0.3129988238981328,0.08973864550605506,0.11541947975055314,ns,C:\Users\stavz\Desktop\masters\UNDEFINED\data\smprot_tcga_filtered_peptides.faa,tcga_matrix
MV,69,15317,-0.36634527366952074,0.03328453874104902,0.04814220343776797,sig_small,C:\Users\stavz\Desktop\masters\UNDEFINED\data\smprot_tcga_filtered_peptides.faa,tcga_matrix
MW,31,2807,0.9398165006836161,0.0011207220848308082,0.001915764247574031,sig_small,C:\Users\stavz\Desktop\masters\UNDEFINED\data\smprot_tcga_filtered_peptides.faa,tcga_matrix
MY,28,6609,-0.4398285239002146,0.10477511204480784,0.13262672410735168,ns,C:\Users\stavz\Desktop\masters\UNDEFINED\data\smprot_tcga_filtered_peptides.faa,tcga_matrix
NA,88,22800,-0.5915654070870451,4.8625620427904245e-05,0.00010291136598498253,sig_small,C:\Users\stavz\Desktop\masters\UNDEFINED\data\smprot_tcga_filtered_peptides.faa,tcga_matrix
NC,72,9594,0.3695240648854575,0.03738831873702643,0.05360332435415976,ns,C:\Users\stavz\Desktop\masters\UNDEFINED\data\smprot_tcga_filtered_peptides.faa,tcga_matrix
ND,41,16801,-1.2436561030419233,1.2162763102685693e-10,4.723403146674056e-10,depleted,C:\Users\stavz\Desktop\masters\UNDEFINED\data\smprot_tcga_filtered_peptides.faa,tcga_matrix
NE,68,24911,-1.088885305530939,1.3733979743934846e-12,7.525468352841012e-12,depleted,C:\Users\stavz\Desktop\masters\UNDEFINED\data\smprot_tcga_filtered_peptides.faa,tcga_matrix
NF,58,16560,-0.727487007306907,3.2757589080769975e-05,7.065349207211893e-05,sig_small,C:\Users\stavz\Desktop\masters\UNDEFINED\data\smprot_tcga_filtered_peptides.faa,tcga_matrix
NG,98,26984,-0.6801846312586843,5.146485054187681e-07,1.345486288676518e-06,sig_small,C:\Users\stavz\Desktop\masters\UNDEFINED\data\smprot_tcga_filtered_peptides.faa,tcga_matrix
NH,41,10757,-0.6004089040170844,0.005135695341612368,0.008055992692725283,sig_small,C:\Users\stavz\Desktop\masters\UNDEFINED\data\smprot_tcga_filtered_peptides.faa,tcga_matrix
NI,83,23624,-0.7266849983859581,6.397997784399348e-07,1.6300631297832732e-06,sig_small,C:\Users\stavz\Desktop\masters\UNDEFINED\data\smprot_tcga_filtered_peptides.faa,tcga_matrix
NK,71,24545,-1.0056927134805775,4.451724211191929e-11,1.8357625613162593e-10,depleted,C:\Users\stavz\Desktop\masters\UNDEFINED\data\smprot_tcga_filtered_peptides.faa,tcga_matrix
NL,159,42479,-0.6394596664812149,2.1272145839334004e-09,7.335222703218622e-09,sig_small,C:\Users\stavz\Desktop\masters\UNDEFINED\data\smprot_tcga_filtered_peptides.faa,tcga_matrix
NM,38,9224,-0.4868615736962133,0.03333847588065432,0.04814220343776797,sig_small,C:\Users\stavz\Desktop\masters\UNDEFINED\data\smprot_tcga_filtered_peptides.faa,tcga_matrix
NN,64,16955,-0.6206315682163098,0.0002651014841673885,0.0004955167928362401,sig_small,C:\Users\stavz\Desktop\masters\UNDEFINED\data\smprot_tcga_filtered_peptides.faa,tcga_matrix
NP,89,24742,-0.6932809964375297,1.1309231078173736e-06,2.79240273535154e-06,sig_small,C:\Users\stavz\Desktop\masters\UNDEFINED\data\smprot_tcga_filtered_peptides.faa,tcga_matrix
NQ,80,18593,-0.43398698256032603,0.005110238597526311,0.008047619838624112,sig_small,C:\Users\stavz\Desktop\masters\UNDEFINED\data\smprot_tcga_filtered_peptides.faa,tcga_matrix
NR,151,20587,0.3312998384435345,0.005995033839203798,0.009330791967632372,sig_small,C:\Users\stavz\Desktop\masters\UNDEFINED\data\smprot_tcga_filtered_peptides.faa,tcga_matrix
NS,135,35191,-0.6031834624531713,2.3478374682007819e-07,6.476793015726295e-07,sig_small,C:\Users\stavz\Desktop\masters\UNDEFINED\data\smprot_tcga_filtered_peptides.faa,tcga_matrix
NT,106,21826,-0.2614766795977982,0.061353827489515504,0.08207869898262944,ns,C:\Users\stavz\Desktop\masters\UNDEFINED\data\smprot_tcga_filtered_peptides.faa,tcga_matrix
NV,52,24393,-1.4423567495013716,6.238976985500997e-18,6.086806815122925e-17,depleted,C:\Users\stavz\Desktop\masters\UNDEFINED\data\smprot_tcga_filtered_peptides.faa,tcga_matrix
NW,27,5134,-0.12704147973467134,0.713039236898177,0.7408199863877164,ns,C:\Users\stavz\Desktop\masters\UNDEFINED\data\smprot_tcga_filtered_peptides.faa,tcga_matrix
NY,20,12587,-1.8445452686917625,2.96039670507333e-13,1.7414098265137236e-12,depleted,C:\Users\stavz\Desktop\masters\UNDEFINED\data\smprot_tcga_filtered_peptides.faa,tcga_matrix
PA,521,57707,0.6276591154057531,1.2594259333820319e-20,1.5742824167275398e-19,sig_small,C:\Users\stavz\Desktop\masters\UNDEFINED\data\smprot_tcga_filtered_peptides.faa,tcga_matrix
PC,154,13913,0.9248721512292011,6.623416634287557e-13,3.784809505307175e-12,sig_small,C:\Users\stavz\Desktop\masters\UNDEFINED\data\smprot_tcga_filtered_peptides.faa,tcga_matrix
PD,118,31703,-0.6460043658473472,2.1143331484489825e-07,5.95586802379995e-07,sig_small,C:\Users\stavz\Desktop\masters\UNDEFINED\data\smprot_tcga_filtered_peptides.faa,tcga_matrix
PE,274,52331,-0.1571227681982828,0.07435770197054915,0.09688299931016177,ns,C:\Users\stavz\Desktop\masters\UNDEFINED\data\smprot_tcga_filtered_peptides.faa,tcga_matrix
PF,118,22251,-0.1352648393201068,0.3318963893611293,0.37715498791037416,ns,C:\Users\stavz\Desktop\masters\UNDEFINED\data\smprot_tcga_filtered_peptides.faa,tcga_matrix
PG,572,63085,0.6337179434277014,6.668963098555658e-23,1.0670340957689053e-21,sig_small,C:\Users\stavz\Desktop\masters\UNDEFINED\data\smprot_tcga_filtered_peptides.faa,tcga_matrix
PH,108,16456,0.1727882041324618,0.21878457856328493,0.26123531768750435,ns,C:\Users\stavz\Desktop\masters\UNDEFINED\data\smprot_tcga_filtered_peptides.faa,tcga_matrix
PI,62,21291,-0.9945988025887358,1.2378860146296947e-09,4.421021480820338e-09,sig_small,C:\Users\stavz\Desktop\masters\UNDEFINED\data\smprot_tcga_filtered_peptides.faa,tcga_matrix
PK,136,31988,-0.4549016975556119,0.00012731504618262337,0.00024960201088136295,sig_small,C:\Users\stavz\Desktop\masters\UNDEFINED\data\smprot_tcga_filtered_peptides.faa,tcga_matrix
PL,549,61229,0.617643273776973,4.758972920970081e-21,6.564100580648388e-20,sig_small,C:\Users\stavz\Desktop\masters\UNDEFINED\data\smprot_tcga_filtered_peptides.faa,tcga_matrix
PM,39,11010,-0.7052047318012913,0.0010720941262306837,0.0018405049377350792,sig_small,C:\Users\stavz\Desktop\masters\UNDEFINED\data\smprot_tcga_filtered_peptides.faa,tcga_matrix
PN,98,20195,-0.26208754033489345,0.07094341737717197,0.09273649330349276,ns,C:\Users\stavz\Desktop\masters\UNDEFINED\data\smprot_tcga_filtered_peptides.faa,tcga_matrix
PP,496,71659,0.24438643518769085,0.00020219600363914704,0.00038513524502694675,sig_small,C:\Users\stavz\Desktop\masters\UNDEFINED\data\smprot_tcga_filtered_peptides.faa,tcga_matrix
PQ,219,33133,0.17968102639211028,0.06545122235996412,0.0864042539405467,ns,C:\Users\stavz\Desktop\masters\UNDEFINED\data\smprot_tcga_filtered_peptides.faa,tcga_matrix
PR,529,39858,1.1834939608419612,3.8279570969662797e-62,5.103942795955039e-60,enriched,C:\Users\stavz\Desktop\masters\UNDEFINED\data\smprot_tcga_filtered_peptides.faa,tcga_matrix
PS,616,65883,0.6779343903852912,1.3932714985198195e-27,3.281939911254491e-26,sig_small,C:\Users\stavz\Desktop\masters\UNDEFINED\data\smprot_tcga_filtered_peptides.faa,tcga_matrix
PT,222,35831,0.08632759098773578,0.3662316386858113,0.4126553675333085,ns,C:\Users\stavz\Desktop\masters\UNDEFINED\data\smprot_tcga_filtered_peptides.faa,tcga_matrix
PV,258,43153,0.03443740012333767,0.6804952967053844,0.7107000487784694,ns,C:\Users\stavz\Desktop\masters\UNDEFINED\data\smprot_tcga_filtered_peptides.faa,tcga_matrix
PW,117,8218,1.2894644420095271,5.3405077592268105e-17,4.74711800820161e-16,enriched,C:\Users\stavz\Desktop\masters\UNDEFINED\data\smprot_tcga_filtered_peptides.faa,tcga_matrix
PY,69,19020,-0.6787195937914079,2.578130161090612e-05,5.63525718271172e-05,sig_small,C:\Users\stavz\Desktop\masters\UNDEFINED\data\smprot_tcga_filtered_peptides.faa,tcga_matrix
QA,180,40391,-0.38830219190872106,0.00018656217412759622,0.00035705679258870085,sig_small,C:\Users\stavz\Desktop\masters\UNDEFINED\data\smprot_tcga_filtered_peptides.faa,tcga_matrix
QC,57,11287,-0.19934143183954442,0.321575483296075,0.3685678891645559,ns,C:\Users\stavz\Desktop\masters\UNDEFINED\data\smprot_tcga_filtered_peptides.faa,tcga_matrix
QD,112,26572,-0.4662582700381319,0.00037439151837491175,0.0006901226145159664,sig_small,C:\Users\stavz\Desktop\masters\UNDEFINED\data\smprot_tcga_filtered_peptides.faa,tcga_matrix
QE,179,45491,-0.5678624669303176,2.5605706554800803e-08,7.939753970480869e-08,sig_small,C:\Users\stavz\Desktop\masters\UNDEFINED\data\smprot_tcga_filtered_peptides.faa,tcga_matrix
QF,68,15348,-0.3901710808525708,0.022285072260069937,0.03289309558681909,sig_small,C:\Users\stavz\Desktop\masters\UNDEFINED\data\smprot_tcga_filtered_peptides.faa,tcga_matrix
QG,206,33049,0.09526403071994728,0.32885738550331356,0.3747662512858274,ns,C:\Users\stavz\Desktop\masters\UNDEFINED\data\smprot_tcga_filtered_peptides.faa,tcga_matrix
QH,82,15043,-0.09292354234223685,0.5918418304927463,0.6312979525255961,ns,C:\Users\stavz\Desktop\masters\UNDEFINED\data\smprot_tcga_filtered_peptides.faa,tcga_matrix
QI,112,22051,-0.1972010988253039,0.15618418609729795,0.19046851963085118,ns,C:\Users\stavz\Desktop\masters\UNDEFINED\data\smprot_tcga_filtered_peptides.faa,tcga_matrix
QK,128,33499,-0.60862050853182,3.7344802910196916e-07,1.0025450445690446e-06,sig_small,C:\Users\stavz\Desktop\masters\UNDEFINED\data\smprot_tcga_filtered_peptides.faa,tcga_matrix
QL,228,54046,-0.4682563334442523,3.257711947688218e-07,8.804626885643833e-07,sig_small,C:\Users\stavz\Desktop\masters\UNDEFINED\data\smprot_tcga_filtered_peptides.faa,tcga_matrix
QM,62,11475,-0.102878225214283,0.6231701040576119,0.6594392635530284,ns,C:\Users\stavz\Desktop\masters\UNDEFINED\data\smprot_tcga_filtered_peptides.faa,tcga_matrix
QN,103,20924,-0.24181168694242733,0.09227016664024512,0.11791714586612796,ns,C:\Users\stavz\Desktop\masters\UNDEFINED\data\smprot_tcga_filtered_peptides.faa,tcga_matrix
QP,256,33041,0.4084303376024307,1.3931309895091018e-05,3.0787425182521585e-05,sig_small,C:\Users\stavz\Desktop\masters\UNDEFINED\data\smprot_tcga_filtered_peptides.faa,tcga_matrix
QQ,121,34700,-0.7402494422387539,8.724732757880994e-10,3.1440478406778356e-09,sig_small,C:\Users\stavz\Desktop\masters\UNDEFINED\data\smprot_tcga_filtered_peptides.faa,tcga_matrix
QR,257,34404,0.3557258497662764,0.0001279210305766985,0.00024960201088136295,sig_small,C:\Users\stavz\Desktop\masters\UNDEFINED\data\smprot_tcga_filtered_peptides.faa,tcga_matrix
QS,218,35248,0.08382210949595105,0.3811048394345542,0.4234498215939491,ns,C:\Users\stavz\Desktop\masters\UNDEFINED\data\smprot_tcga_filtered_peptides.faa,tcga_matrix
QT,149,25837,-0.015570304530404104,0.9347941936029776,0.9418581295747884,ns,C:\Users\stavz\Desktop\masters\UNDEFINED\data\smprot_tcga_filtered_peptides.faa,tcga_matrix
QV,142,31725,-0.38093028742338364,0.0012905324846875712,0.002187343194385714,sig_small,C:\Users\stavz\Desktop\masters\UNDEFINED\data\smprot_tcga_filtered_peptides.faa,tcga_matrix
QW,48,6195,0.42051472405182105,0.0545841056252804,0.07451755034167973,ns,C:\Users\stavz\Desktop\masters\UNDEFINED\data\smprot_tcga_filtered_peptides.faa,tcga_matrix
QY,23,12644,-1.6540266332061768,1.0425071157594902e-11,4.793136164411449e-11,depleted,C:\Users\stavz\Desktop\masters\UNDEFINED\data\smprot_tcga_filtered_peptides.faa,tcga_matrix
RA,473,45361,0.8356467727299236,9.897412580474514e-31,3.5990591201725503e-29,sig_small,C:\Users\stavz\Desktop\masters\UNDEFINED\data\smprot_tcga_filtered_peptides.faa,tcga_matrix
RC,153,14384,0.8674742758997388,1.2287590761380429e-11,5.522512701744013e-11,sig_small,C:\Users\stavz\Desktop\masters\UNDEFINED\data\smprot_tcga_filtered_peptides.faa,tcga_matrix
RD,159,31018,-0.185821803183854,0.10813995392366113,0.13645420053458818,ns,C:\Users\stavz\Desktop\masters\UNDEFINED\data\smprot_tcga_filtered_peptides.faa,tcga_matrix
RE,291,45460,0.13263302631289,0.11548243621622586,0.14345644250462838,ns,C:\Users\stavz\Desktop\masters\UNDEFINED\data\smprot_tcga_filtered_peptides.faa,tcga_matrix
RF,145,21137,0.23496509319523895,0.05745336342565292,0.07790286566190227,ns,C:\Users\stavz\Desktop\masters\UNDEFINED\data\smprot_tcga_filtered_peptides.faa,tcga_matrix
RG,615,41884,1.3290931000901969,1.5158376390166062e-87,6.063350556066424e-85,enriched,C:\Users\stavz\Desktop\masters\UNDEFINED\data\smprot_tcga_filtered_peptides.faa,tcga_matrix
RH,181,18353,0.7576650326477972,9.08324659965203e-11,3.576381652674396e-10,sig_small,C:\Users\stavz\Desktop\masters\UNDEFINED\data\smprot_tcga_filtered_peptides.faa,tcga_matrix
RI,266,27589,0.7237669164797591,4.3673610026834535e-14,2.863843280448166e-13,sig_small,C:\Users\stavz\Desktop\masters\UNDEFINED\data\smprot_tcga_filtered_peptides.faa,tcga_matrix
RK,235,41593,-0.0468803351183735,0.6515540675683453,0.6858463869140478,ns,C:\Users\stavz\Desktop\masters\UNDEFINED\data\smprot_tcga_filtered_peptides.faa,tcga_matrix
RL,589,61888,0.7035711523287965,4.053472515581409e-28,1.1581350044518311e-26,sig_small,C:\Users\stavz\Desktop\masters\UNDEFINED\data\smprot_tcga_filtered_peptides.faa,tcga_matrix
RM,130,12001,0.894585770048309,1.5111443830386764e-10,5.812093780917987e-10,sig_small,C:\Users\stavz\Desktop\masters\UNDEFINED\data\smprot_tcga_filtered_peptides.faa,tcga_matrix
RN,138,23924,-0.014852103058262572,0.9322791660403273,0.9416961273134619,ns,C:\Users\stavz\Desktop\masters\UNDEFINED\data\smprot_tcga_filtered_peptides.faa,tcga_matrix
RP,468,37542,1.0932750184245719,4.0149977013472953e-48,2.294284400769883e-46,enriched,C:\Users\stavz\Desktop\masters\UNDEFINED\data\smprot_tcga_filtered_peptides.faa,tcga_matrix
RQ,228,29624,0.3991540554582586,5.965882399672222e-05,0.00012364523108128957,sig_small,C:\Users\stavz\Desktop\masters\UNDEFINED\data\smprot_tcga_filtered_peptides.faa,tcga_matrix
RR,666,50427,1.1761448661715277,5.1306751683167804e-77,1.026135033663356e-74,enriched,C:\Users\stavz\Desktop\masters\UNDEFINED\data\smprot_tcga_filtered_peptides.faa,tcga_matrix
RS,544,48069,0.9535609464306725,4.747946316928568e-44,2.1101983630793636e-42,sig_small,C:\Users\stavz\Desktop\masters\UNDEFINED\data\smprot_tcga_filtered_peptides.faa,tcga_matrix
RT,287,31393,0.6468467696148419,1.5362898837883885e-12,8.304269642099397e-12,sig_small,C:\Users\stavz\Desktop\masters\UNDEFINED\data\smprot_tcga_filtered_peptides.faa,tcga_matrix
RV,268,35601,0.3667347552841602,6.043219570088797e-05,0.0001246024653626556,sig_small,C:\Users\stavz\Desktop\masters\UNDEFINED\data\smprot_tcga_filtered_peptides.faa,tcga_matrix
RW,104,8026,1.154410702230027,5.574663342752364e-13,3.2316888943491965e-12,enriched,C:\Users\stavz\Desktop\masters\UNDEFINED\data\smprot_tcga_filtered_peptides.faa,tcga_matrix
RY,55,16526,-0.8004708501944153,6.304974152482406e-06,1.425657575962486e-05,sig_small,C:\Users\stavz\Desktop\masters\UNDEFINED\data\smprot_tcga_filtered_peptides.faa,tcga_matrix
SA,517,61299,0.5294342509370913,2.5724278759385633e-15,1.9254039356000553e-14,sig_small,C:\Users\stavz\Desktop\masters\UNDEFINED\data\smprot_tcga_filtered_peptides.faa,tcga_matrix
SC,191,22304,0.5537602792694469,6.24134758709256e-07,1.6003455351519385e-06,sig_small,C:\Users\stavz\Desktop\masters\UNDEFINED\data\smprot_tcga_filtered_peptides.faa,tcga_matrix
SD,158,42910,-0.6630971766356725,5.195370982977709e-10,1.9065581588909023e-09,sig_small,C:\Users\stavz\Desktop\masters\UNDEFINED\data\smprot_tcga_filtered_peptides.faa,tcga_matrix
SE,272,58446,-0.3271097086592271,0.00013465379289681124,0.0002614636755277888,sig_small,C:\Users\stavz\Desktop\masters\UNDEFINED\data\smprot_tcga_filtered_peptides.faa,tcga_matrix
SF,226,35607,0.12108059722629515,0.20946046551691128,0.25085085690648057,ns,C:\Users\stavz\Desktop\masters\UNDEFINED\data\smprot_tcga_filtered_peptides.faa,tcga_matrix
SG,477,65039,0.32793526130405026,1.3627571849961396e-06,3.2837522530027462e-06,sig_small,C:\Users\stavz\Desktop\masters\UNDEFINED\data\smprot_tcga_filtered_peptides.faa,tcga_matrix
SH,254,25479,0.7720793840237162,3.9439919442179155e-15,2.8171371030127965e-14,sig_small,C:\Users\stavz\Desktop\masters\UNDEFINED\data\smprot_tcga_filtered_peptides.faa,tcga_matrix
SI,194,36373,-0.1293669043068254,0.22715514346193652,0.2704227898356387,ns,C:\Users\stavz\Desktop\masters\UNDEFINED\data\smprot_tcga_filtered_peptides.faa,tcga_matrix
SK,192,45395,-0.46394015151718243,3.440205422237788e-06,8.047264145585468e-06,sig_small,C:\Users\stavz\Desktop\masters\UNDEFINED\data\smprot_tcga_filtered_peptides.faa,tcga_matrix
SL,673,94468,0.2855952895653098,4.599156475429871e-07,1.2103043356394398e-06,sig_small,C:\Users\stavz\Desktop\masters\UNDEFINED\data\smprot_tcga_filtered_peptides.faa,tcga_matrix
SM,127,16154,0.43231184352589686,0.00132742152042641,0.002240373874137401,sig_small,C:\Users\stavz\Desktop\masters\UNDEFINED\data\smprot_tcga_filtered_peptides.faa,tcga_matrix
SN,127,30478,-0.4835439605313916,7.422514437047151e-05,0.0001522567064009672,sig_small,C:\Users\stavz\Desktop\masters\UNDEFINED\data\smprot_tcga_filtered_peptides.faa,tcga_matrix
SP,636,68235,0.6733887019937307,5.021270605167848e-28,1.3390054947114263e-26,sig_small,C:\Users\stavz\Desktop\masters\UNDEFINED\data\smprot_tcga_filtered_peptides.faa,tcga_matrix
SQ,227,44525,-0.19501457218263635,0.04255198736655269,0.059454614399442184,ns,C:\Users\stavz\Desktop\masters\UNDEFINED\data\smprot_tcga_filtered_peptides.faa,tcga_matrix
SR,589,51796,0.960387892678173,3.684159573631855e-48,2.294284400769883e-46,sig_small,C:\Users\stavz\Desktop\masters\UNDEFINED\data\smprot_tcga_filtered_peptides.faa,tcga_matrix
SS,780,107969,0.3055974049313366,6.499710098340749e-09,2.0966806768841125e-08,sig_small,C:\Users\stavz\Desktop\masters\UNDEFINED\data\smprot_tcga_filtered_peptides.faa,tcga_matrix
ST,282,52703,-0.12589721111732557,0.15161284359054975,0.1860280289454598,ns,C:\Users\stavz\Desktop\masters\UNDEFINED\data\smprot_tcga_filtered_peptides.faa,tcga_matrix
SV,358,54923,0.15830024946918225,0.03765940654122549,0.05370997777226272,ns,C:\Users\stavz\Desktop\masters\UNDEFINED\data\smprot_tcga_filtered_peptides.faa,tcga_matrix
SW,138,12567,0.9139389819381222,1.6677253954687898e-11,7.250979980299086e-11,sig_small,C:\Users\stavz\Desktop\masters\UNDEFINED\data\smprot_tcga_filtered_peptides.faa,tcga_matrix
SY,85,24278,-0.7319322704259061,3.763835981087491e-07,1.0036895949566642e-06,sig_small,C:\Users\stavz\Desktop\masters\UNDEFINED\data\smprot_tcga_filtered_peptides.faa,tcga_matrix
TA,303,42988,0.27149644001266904,0.0013475740417692923,0.0022553540448021626,sig_small,C:\Users\stavz\Desktop\masters\UNDEFINED\data\smprot_tcga_filtered_peptides.faa,tcga_matrix
TC,172,15428,0.9347492505284117,1.621959585382598e-14,1.099633617208541e-13,sig_small,C:\Users\stavz\Desktop\masters\UNDEFINED\data\smprot_tcga_filtered_peptides.faa,tcga_matrix
TD,121,27153,-0.3864311603009501,0.0023877545208314237,0.0038668089406176903,sig_small,C:\Users\stavz\Desktop\masters\UNDEFINED\data\smprot_tcga_filtered_peptides.faa,tcga_matrix
TE,141,39739,-0.7160209730454045,2.0039503176053936e-10,7.634096448020547e-10,sig_small,C:\Users\stavz\Desktop\masters\UNDEFINED\data\smprot_tcga_filtered_peptides.faa,tcga_matrix
TF,85,24454,-0.7423529476320654,2.6175086950278335e-07,7.138591638751549e-07,sig_small,C:\Users\stavz\Desktop\masters\UNDEFINED\data\smprot_tcga_filtered_peptides.faa,tcga_matrix
TG,280,42891,0.16105969479604315,0.06092223747543228,0.08177481540326481,ns,C:\Users\stavz\Desktop\masters\UNDEFINED\data\smprot_tcga_filtered_peptides.faa,tcga_matrix
TH,83,15829,-0.14901688897505175,0.3740064523102691,0.4190548485269121,ns,C:\Users\stavz\Desktop\masters\UNDEFINED\data\smprot_tcga_filtered_peptides.faa,tcga_matrix
TI,137,27053,-0.20263293898026502,0.10104560947930544,0.12872052162968847,ns,C:\Users\stavz\Desktop\masters\UNDEFINED\data\smprot_tcga_filtered_peptides.faa,tcga_matrix
TK,121,29552,-0.5085731721300266,4.8105366840413916e-05,0.0001023518443413062,sig_small,C:\Users\stavz\Desktop\masters\UNDEFINED\data\smprot_tcga_filtered_peptides.faa,tcga_matrix
TL,328,60972,-0.11851463547608597,0.14971238867734515,0.18483010947820389,ns,C:\Users\stavz\Desktop\masters\UNDEFINED\data\smprot_tcga_filtered_peptides.faa,tcga_matrix
TM,51,11463,-0.3806525583878282,0.05650639620042022,0.07687945061281663,ns,C:\Users\stavz\Desktop\masters\UNDEFINED\data\smprot_tcga_filtered_peptides.faa,tcga_matrix
TN,76,19339,-0.5642681485005526,0.00031537355121475795,0.0005867414906321079,sig_small,C:\Users\stavz\Desktop\masters\UNDEFINED\data\smprot_tcga_filtered_peptides.faa,tcga_matrix
TP,246,42588,-0.015125576644699172,0.9237844488083258,0.9359426440001242,ns,C:\Users\stavz\Desktop\masters\UNDEFINED\data\smprot_tcga_filtered_peptides.faa,tcga_matrix
TQ,118,26224,-0.3722775126180261,0.003895114295991489,0.006232182873586383,sig_small,C:\Users\stavz\Desktop\masters\UNDEFINED\data\smprot_tcga_filtered_peptides.faa,tcga_matrix
TR,225,27945,0.46426214029203394,4.104323055418018e-06,9.435225414754064e-06,sig_small,C:\Users\stavz\Desktop\masters\UNDEFINED\data\smprot_tcga_filtered_peptides.faa,tcga_matrix
TS,377,54387,0.24695222736885047,0.0010589909697434645,0.0018258464995576974,sig_small,C:\Users\stavz\Desktop\masters\UNDEFINED\data\smprot_tcga_filtered_peptides.faa,tcga_matrix
TT,162,37680,-0.4396276960281243,5.3558359758792314e-05,0.0001121641042068949,sig_small,C:\Users\stavz\Desktop\masters\UNDEFINED\data\smprot_tcga_filtered_peptides.faa,tcga_matrix
TV,179,43354,-0.498447207660223,1.2599752678382767e-06,3.0731104093616503e-06,sig_small,C:\Users\stavz\Desktop\masters\UNDEFINED\data\smprot_tcga_filtered_peptides.faa,tcga_matrix
TW,58,7959,0.3295095130181243,0.09047581834240612,0.11599463890052067,ns,C:\Users\stavz\Desktop\masters\UNDEFINED\data\smprot_tcga_filtered_peptides.faa,tcga_matrix
TY,57,16038,-0.7061546642458097,7.465266955251988e-05,0.0001523523868418773,sig_small,C:\Users\stavz\Desktop\masters\UNDEFINED\data\smprot_tcga_filtered_peptides.faa,tcga_matrix
VA,250,48670,-0.18448629761703647,0.04549487720956473,0.06253591369012335,ns,C:\Users\stavz\Desktop\masters\UNDEFINED\data\smprot_tcga_filtered_peptides.faa,tcga_matrix
VC,159,16769,0.7014674445894868,1.562933758998693e-08,4.922626012594309e-08,sig_small,C:\Users\stavz\Desktop\masters\UNDEFINED\data\smprot_tcga_filtered_peptides.faa,tcga_matrix
VD,97,32659,-0.9702778854843007,1.1061821779923314e-13,6.913638612452071e-13,sig_small,C:\Users\stavz\Desktop\masters\UNDEFINED\data\smprot_tcga_filtered_peptides.faa,tcga_matrix
VE,101,42738,-1.3003058522792728,2.3375944309572994e-26,5.194654291016221e-25,depleted,C:\Users\stavz\Desktop\masters\UNDEFINED\data\smprot_tcga_filtered_peptides.faa,tcga_matrix
VF,133,27366,-0.2618204984393057,0.03498274017471156,0.050334877949225275,ns,C:\Users\stavz\Desktop\masters\UNDEFINED\data\smprot_tcga_filtered_peptides.faa,tcga_matrix
VG,234,38329,0.06488343881977875,0.4803812067985178,0.5207384355539488,ns,C:\Users\stavz\Desktop\masters\UNDEFINED\data\smprot_tcga_filtered_peptides.faa,tcga_matrix
VH,59,17915,-0.8164960397591494,2.1592034976710698e-06,5.140960708740642e-06,sig_small,C:\Users\stavz\Desktop\masters\UNDEFINED\data\smprot_tcga_filtered_peptides.faa,tcga_matrix
VI,107,32574,-0.8256556799054796,9.11977321431971e-11,3.576381652674396e-10,sig_small,C:\Users\stavz\Desktop\masters\UNDEFINED\data\smprot_tcga_filtered_peptides.faa,tcga_matrix
VK,116,36919,-0.8903023651513693,1.7962553334801893e-13,1.0886395960485995e-12,sig_small,C:\Users\stavz\Desktop\masters\UNDEFINED\data\smprot_tcga_filtered_peptides.faa,tcga_matrix
VL,359,71104,-0.21019840140646437,0.005631318643164974,0.008798935379945272,sig_small,C:\Users\stavz\Desktop\masters\UNDEFINED\data\smprot_tcga_filtered_peptides.faa,tcga_matrix
VM,72,13508,-0.1240638900368992,0.49702692511912133,0.535878086381802,ns,C:\Users\stavz\Desktop\masters\UNDEFINED\data\smprot_tcga_filtered_peptides.faa,tcga_matrix
VN,70,24764,-1.0388276356560657,9.71068761789678e-12,4.516598892045014e-11,depleted,C:\Users\stavz\Desktop\masters\UNDEFINED\data\smprot_tcga_filtered_peptides.faa,tcga_matrix
VP,259,41484,0.09691283537878888,0.27207891291784203,0.3182209507811018,ns,C:\Users\stavz\Desktop\masters\UNDEFINED\data\smprot_tcga_filtered_peptides.faa,tcga_matrix
VQ,131,30670,-0.4480381918439734,0.00022622980550474205,0.0004268486896315888,sig_small,C:\Users\stavz\Desktop\masters\UNDEFINED\data\smprot_tcga_filtered_peptides.faa,tcga_matrix
VR,242,33669,0.3002931450330013,0.0016054633762052043,0.0026211646958452313,sig_small,C:\Users\stavz\Desktop\masters\UNDEFINED\data\smprot_tcga_filtered_peptides.faa,tcga_matrix
VS,342,55243,0.08404995707920512,0.2627145881264944,0.30816960484046263,ns,C:\Users\stavz\Desktop\masters\UNDEFINED\data\smprot_tcga_filtered_peptides.faa,tcga_matrix
VT,249,43111,-0.015282249540939498,0.9242433609501227,0.9359426440001242,ns,C:\Users\stavz\Desktop\masters\UNDEFINED\data\smprot_tcga_filtered_peptides.faa,tcga_matrix
VV,164,44642,-0.6665795423405343,2.2338660106576795e-10,8.429683059085584e-10,sig_small,C:\Users\stavz\Desktop\masters\UNDEFINED\data\smprot_tcga_filtered_peptides.faa,tcga_matrix
VW,113,8079,1.2641050725690008,4.2793747525206006e-16,3.3563723549181183e-15,enriched,C:\Users\stavz\Desktop\masters\UNDEFINED\data\smprot_tcga_filtered_peptides.faa,tcga_matrix
VY,19,18293,-2.4560344010327024,4.118721496739973e-25,8.237442993479945e-24,depleted,C:\Users\stavz\Desktop\masters\UNDEFINED\data\smprot_tcga_filtered_peptides.faa,tcga_matrix
WA,91,9437,0.7291176987685396,1.0006738494222113e-05,2.2237196653826918e-05,sig_small,C:\Users\stavz\Desktop\masters\UNDEFINED\data\smprot_tcga_filtered_peptides.faa,tcga_matrix
WC,52,2786,1.6876139640596803,1.7912242907949287e-12,9.42749626734173e-12,enriched,C:\Users\stavz\Desktop\masters\UNDEFINED\data\smprot_tcga_filtered_peptides.faa,tcga_matrix
WD,27,7409,-0.6561938780688708,0.01146768909902151,0.01750792228858246,sig_small,C:\Users\stavz\Desktop\masters\UNDEFINED\data\smprot_tcga_filtered_peptides.faa,tcga_matrix
WE,101,9406,0.8835004966903538,2.2570702460977487e-08,7.053344519055465e-08,sig_small,C:\Users\stavz\Desktop\masters\UNDEFINED\data\smprot_tcga_filtered_peptides.faa,tcga_matrix
WF,32,5129,0.11537220741040222,0.6468712462666057,0.6827137163763649,ns,C:\Users\stavz\Desktop\masters\UNDEFINED\data\smprot_tcga_filtered_peptides.faa,tcga_matrix
WG,93,8512,0.9091341665725037,3.4814172877442706e-08,1.0712053193059294e-07,sig_small,C:\Users\stavz\Desktop\masters\UNDEFINED\data\smprot_tcga_filtered_peptides.faa,tcga_matrix
WH,39,3433,0.9759233843719233,0.0001799864337545248,0.00034612775722024,sig_small,C:\Users\stavz\Desktop\masters\UNDEFINED\data\smprot_tcga_filtered_peptides.faa,tcga_matrix
WI,71,6300,0.9562276129123863,5.318770607514139e-07,1.372585963229455e-06,sig_small,C:\Users\stavz\Desktop\masters\UNDEFINED\data\smprot_tcga_filtered_peptides.faa,tcga_matrix
WK,81,9324,0.5795243870492084,0.0006594049809947911,0.0011827892035781006,sig_small,C:\Users\stavz\Desktop\masters\UNDEFINED\data\smprot_tcga_filtered_peptides.faa,tcga_matrix
WL,188,14004,1.202424742125646,9.683842637144069e-24,1.7606986612989216e-22,enriched,C:\Users\stavz\Desktop\masters\UNDEFINED\data\smprot_tcga_filtered_peptides.faa,tcga_matrix
WM,45,3307,1.23387608350432,5.241838427254878e-07,1.3615164746116565e-06,enriched,C:\Users\stavz\Desktop\masters\UNDEFINED\data\smprot_tcga_filtered_peptides.faa,tcga_matrix
WN,47,6058,0.4227175613783682,0.06264129467739703,0.08330485208820221,ns,C:\Users\stavz\Desktop\masters\UNDEFINED\data\smprot_tcga_filtered_peptides.faa,tcga_matrix
WP,89,6225,1.2974486654268944,2.2585317860158153e-13,1.3483771856810837e-12,enriched,C:\Users\stavz\Desktop\masters\UNDEFINED\data\smprot_tcga_filtered_peptides.faa,tcga_matrix
WQ,46,6178,0.3637247839902815,0.11144838670571412,0.13974719336139702,ns,C:\Users\stavz\Desktop\masters\UNDEFINED\data\smprot_tcga_filtered_peptides.faa,tcga_matrix
WR,133,8507,1.4237832853068464,1.4072845971121495e-22,2.1650532263263838e-21,enriched,C:\Users\stavz\Desktop\masters\UNDEFINED\data\smprot_tcga_filtered_peptides.faa,tcga_matrix
WS,124,10066,1.080334274038313,1.1647379856837634e-13,7.167618373438544e-13,enriched,C:\Users\stavz\Desktop\masters\UNDEFINED\data\smprot_tcga_filtered_peptides.faa,tcga_matrix
WT,55,7618,0.31673149148381513,0.11396308447513277,0.14245385559391596,ns,C:\Users\stavz\Desktop\masters\UNDEFINED\data\smprot_tcga_filtered_peptides.faa,tcga_matrix
WV,64,8298,0.4101992703553052,0.030271882309590117,0.044031828813949264,sig_small,C:\Users\stavz\Desktop\masters\UNDEFINED\data\smprot_tcga_filtered_peptides.faa,tcga_matrix
WW,36,2229,1.4849269590377758,1.324404771423842e-07,3.866875245033115e-07,enriched,C:\Users\stavz\Desktop\masters\UNDEFINED\data\smprot_tcga_filtered_peptides.faa,tcga_matrix
WY,21,3951,-0.10431305365684387,0.7540755986723584,0.7794063035373214,ns,C:\Users\stavz\Desktop\masters\UNDEFINED\data\smprot_tcga_filtered_peptides.faa,tcga_matrix
YA,27,15804,-1.7490811756104196,3.044664853864722e-15,2.214301711901616e-14,depleted,C:\Users\stavz\Desktop\masters\UNDEFINED\data\smprot_tcga_filtered_peptides.faa,tcga_matrix
YC,23,7775,-0.9525239985890794,0.00042354480115446274,0.000777146424136629,sig_small,C:\Users\stavz\Desktop\masters\UNDEFINED\data\smprot_tcga_filtered_peptides.faa,tcga_matrix
YD,10,14230,-2.9867744252981883,1.0646915734365476e-23,1.8516375190200828e-22,depleted,C:\Users\stavz\Desktop\masters\UNDEFINED\data\smprot_tcga_filtered_peptides.faa,tcga_matrix
YE,34,19515,-1.7262014643498442,2.9439642774025673e-18,3.098909765686913e-17,depleted,C:\Users\stavz\Desktop\masters\UNDEFINED\data\smprot_tcga_filtered_peptides.faa,tcga_matrix
YF,40,14092,-1.0251830596722864,3.9794349582676064e-07,1.0541549558324786e-06,depleted,C:\Users\stavz\Desktop\masters\UNDEFINED\data\smprot_tcga_filtered_peptides.faa,tcga_matrix
YG,46,19072,-1.2624406467189304,4.766611303531813e-12,2.3251762456252744e-11,depleted,C:\Users\stavz\Desktop\masters\UNDEFINED\data\smprot_tcga_filtered_peptides.faa,tcga_matrix
YH,27,8519,-0.857586449430543,0.0006047024207327487,0.001089553911230178,sig_small,C:\Users\stavz\Desktop\masters\UNDEFINED\data\smprot_tcga_filtered_peptides.faa,tcga_matrix
YI,26,15220,-1.7482007932898185,1.1794425587190285e-14,8.134086611855368e-14,depleted,C:\Users\stavz\Desktop\masters\UNDEFINED\data\smprot_tcga_filtered_peptides.faa,tcga_matrix
YK,40,17477,-1.3357543271720795,4.575040007651554e-12,2.259279016124224e-11,depleted,C:\Users\stavz\Desktop\masters\UNDEFINED\data\smprot_tcga_filtered_peptides.faa,tcga_matrix
YL,96,30724,-0.8970379906732278,1.472804827777227e-11,6.473867374844953e-11,sig_small,C:\Users\stavz\Desktop\masters\UNDEFINED\data\smprot_tcga_filtered_peptides.faa,tcga_matrix
YM,9,6153,-1.9216571096145842,2.1378778693046863e-07,5.980077956097025e-07,depleted,C:\Users\stavz\Desktop\masters\UNDEFINED\data\smprot_tcga_filtered_peptides.faa,tcga_matrix
YN,39,12295,-0.8644551506312093,3.927152756631289e-05,8.400326752152491e-05,sig_small,C:\Users\stavz\Desktop\masters\UNDEFINED\data\smprot_tcga_filtered_peptides.faa,tcga_matrix
YP,76,14857,-0.18390903333368994,0.2803829421224805,0.3269771919795691,ns,C:\Users\stavz\Desktop\masters\UNDEFINED\data\smprot_tcga_filtered_peptides.faa,tcga_matrix
YQ,53,14354,-0.6501415877356045,0.00043003723762311045,0.0007854561417773708,sig_small,C:\Users\stavz\Desktop\masters\UNDEFINED\data\smprot_tcga_filtered_peptides.faa,tcga_matrix
YR,92,18189,-0.20182992073753128,0.1877751763492484,0.22760627436272535,ns,C:\Users\stavz\Desktop\masters\UNDEFINED\data\smprot_tcga_filtered_peptides.faa,tcga_matrix
YS,134,25277,-0.13649691739877834,0.28227656314271876,0.328228561793859,ns,C:\Users\stavz\Desktop\masters\UNDEFINED\data\smprot_tcga_filtered_peptides.faa,tcga_matrix
YT,43,16613,-1.1595180400620748,1.3488678355764984e-09,4.774753400270791e-09,depleted,C:\Users\stavz\Desktop\masters\UNDEFINED\data\smprot_tcga_filtered_peptides.faa,tcga_matrix
YV,28,17868,-1.8746340110176405,1.7415427866549688e-18,1.882748958545912e-17,depleted,C:\Users\stavz\Desktop\masters\UNDEFINED\data\smprot_tcga_filtered_peptides.faa,tcga_matrix
YW,35,4224,0.5227891211637197,0.04292982007651755,0.059624750106274375,ns,C:\Users\stavz\Desktop\masters\UNDEFINED\data\smprot_tcga_filtered_peptides.faa,tcga_matrix
YY,5,10741,-3.5138693494151285,1.2489786222077609e-20,1.5742824167275398e-19,depleted,C:\Users\stavz\Desktop\masters\UNDEFINED\data\smprot_tcga_filtered_peptides.faa,tcga_matrix
