control_id,label,length_aa,sequence
coding|sp|Q6DN14|MCTP1_HUMAN|163|L101|0,CODING,101,SSLSSSPQPPPRGDRARDEGARRQGPGAHLCHQKSSSLPGTACLEQLLEPPPPPAEPARSPAESRAPETGEEHGSSQKIINTAGTSNAEVPLADPGMYQLD
coding|sp|Q6DN14|MCTP1_HUMAN|266|L100|1,CODING,100,LRRGQSLAARDRGGTSDPYVKFKIGGKEVFRSKIIHKNLNPVWEEKACILVDHLREPLYIKVFDYDFGLQDDFMGSAFLDLTQLELNRPTDVTLTLKDPH
coding|sp|Q6DN14|MCTP1_HUMAN|346|L98|2,CODING,98,LTQLELNRPTDVTLTLKDPHYPDHDLGIILLSVILTPKEGESRDVTMLMRKSWKRSSKELSENEVVGSYFSVKSLFWRTCGRPALPVLGFCRAELQNP
coding|sp|Q6DN14|MCTP1_HUMAN|664|L98|3,CODING,98,VYKNLNPEWNKVFTFNIKDIHSVLEVTVYDEDRDRSADFLGKVAIPLLSIQNGEQKAYVLKNKQLTGPTKGVIYLEIDVIFNAVKASLRTLIPKEQKY
coding|sp|Q6DN14|MCTP1_HUMAN|157|L97|4,CODING,97,SSSSASSSLSSSPQPPPRGDRARDEGARRQGPGAHLCHQKSSSLPGTACLEQLLEPPPPPAEPARSPAESRAPETGEEHGSSQKIINTAGTSNAEVP
coding|sp|Q6DN14|MCTP1_HUMAN|532|L96|5,CODING,96,IDITAWDKDAGKRDDFIGRCQVDLSALSREQTHKLELQLEEGEGHLVLLVTLTASATVSISDLSVNSLEDQKEREEILKRYSPLRIFHNLKDVGFL
coding|sp|Q6DN14|MCTP1_HUMAN|650|L96|6,CODING,96,CVVELNNDRLLTHTVYKNLNPEWNKVFTFNIKDIHSVLEVTVYDEDRDRSADFLGKVAIPLLSIQNGEQKAYVLKNKQLTGPTKGVIYLEIDVIFN
coding|sp|Q6DN14|MCTP1_HUMAN|812|L96|7,CODING,96,LFLFVVWNFELYMIPLVLLLLLTWNYFLIISGKDNRQRDTVVEDMLEDEEEEDDKDDKDSEKKGFINKIYAIQEVCVSVQNILDEVASFGERIKNT
coding|sp|Q6DN14|MCTP1_HUMAN|160|L94|8,CODING,94,SASSSLSSSPQPPPRGDRARDEGARRQGPGAHLCHQKSSSLPGTACLEQLLEPPPPPAEPARSPAESRAPETGEEHGSSQKIINTAGTSNAEVP
coding|sp|Q6DN14|MCTP1_HUMAN|277|L94|9,CODING,94,RGGTSDPYVKFKIGGKEVFRSKIIHKNLNPVWEEKACILVDHLREPLYIKVFDYDFGLQDDFMGSAFLDLTQLELNRPTDVTLTLKDPHYPDHD
coding|sp|Q6DN14|MCTP1_HUMAN|394|L93|10,CODING,93,MRKSWKRSSKELSENEVVGSYFSVKSLFWRTCGRPALPVLGFCRAELQNPYCKNVQFQTQSLRLSDLHRKSHLWRGIVSITLIEGRDLKAMDS
coding|sp|Q6DN14|MCTP1_HUMAN|628|L93|11,CODING,93,QVKVIRAEGLMAADVTGKSDPFCVVELNNDRLLTHTVYKNLNPEWNKVFTFNIKDIHSVLEVTVYDEDRDRSADFLGKVAIPLLSIQNGEQKA
coding|sp|Q6DN14|MCTP1_HUMAN|788|L93|12,CODING,93,VNAAYYVNSCFDWDSPPRSLAAFVLFLFVVWNFELYMIPLVLLLLLTWNYFLIISGKDNRQRDTVVEDMLEDEEEEDDKDDKDSEKKGFINKI
coding|sp|Q6DN14|MCTP1_HUMAN|434|L92|13,CODING,92,GFCRAELQNPYCKNVQFQTQSLRLSDLHRKSHLWRGIVSITLIEGRDLKAMDSNGLSDPYVKFRLGHQKYKSKIMPKTLNPQWREQFDFHLY
coding|sp|Q6DN14|MCTP1_HUMAN|235|L91|14,CODING,91,HGSSQKIINTAGTSNAEVPLADPGMYQLDITLRRGQSLAARDRGGTSDPYVKFKIGGKEVFRSKIIHKNLNPVWEEKACILVDHLREPLYI
coding|sp|Q6DN14|MCTP1_HUMAN|655|L91|15,CODING,91,NNDRLLTHTVYKNLNPEWNKVFTFNIKDIHSVLEVTVYDEDRDRSADFLGKVAIPLLSIQNGEQKAYVLKNKQLTGPTKGVIYLEIDVIFN
coding|sp|Q6DN14|MCTP1_HUMAN|311|L91|16,CODING,91,KACILVDHLREPLYIKVFDYDFGLQDDFMGSAFLDLTQLELNRPTDVTLTLKDPHYPDHDLGIILLSVILTPKEGESRDVTMLMRKSWKRS
coding|sp|Q6DN14|MCTP1_HUMAN|637|L91|17,CODING,91,LMAADVTGKSDPFCVVELNNDRLLTHTVYKNLNPEWNKVFTFNIKDIHSVLEVTVYDEDRDRSADFLGKVAIPLLSIQNGEQKAYVLKNKQ
coding|sp|Q6DN14|MCTP1_HUMAN|409|L90|18,CODING,90,EVVGSYFSVKSLFWRTCGRPALPVLGFCRAELQNPYCKNVQFQTQSLRLSDLHRKSHLWRGIVSITLIEGRDLKAMDSNGLSDPYVKFRL
coding|sp|Q6DN14|MCTP1_HUMAN|138|L90|19,CODING,90,ASGAAGGTPPGGRSPDSAPSSSSASSSLSSSPQPPPRGDRARDEGARRQGPGAHLCHQKSSSLPGTACLEQLLEPPPPPAEPARSPAESR
coding|sp|Q6DN14|MCTP1_HUMAN|803|L90|20,CODING,90,PPRSLAAFVLFLFVVWNFELYMIPLVLLLLLTWNYFLIISGKDNRQRDTVVEDMLEDEEEEDDKDDKDSEKKGFINKIYAIQEVCVSVQN
coding|sp|Q6DN14|MCTP1_HUMAN|570|L89|21,CODING,89,LEEGEGHLVLLVTLTASATVSISDLSVNSLEDQKEREEILKRYSPLRIFHNLKDVGFLQVKVIRAEGLMAADVTGKSDPFCVVELNNDR
coding|sp|Q6DN14|MCTP1_HUMAN|827|L87|22,CODING,87,LVLLLLLTWNYFLIISGKDNRQRDTVVEDMLEDEEEEDDKDDKDSEKKGFINKIYAIQEVCVSVQNILDEVASFGERIKNTFNWTVP
coding|sp|Q6DN14|MCTP1_HUMAN|258|L86|23,CODING,86,GMYQLDITLRRGQSLAARDRGGTSDPYVKFKIGGKEVFRSKIIHKNLNPVWEEKACILVDHLREPLYIKVFDYDFGLQDDFMGSAF
coding|sp|Q6DN14|MCTP1_HUMAN|610|L86|24,CODING,86,KRYSPLRIFHNLKDVGFLQVKVIRAEGLMAADVTGKSDPFCVVELNNDRLLTHTVYKNLNPEWNKVFTFNIKDIHSVLEVTVYDED
coding|sp|Q6DN14|MCTP1_HUMAN|450|L86|25,CODING,86,FQTQSLRLSDLHRKSHLWRGIVSITLIEGRDLKAMDSNGLSDPYVKFRLGHQKYKSKIMPKTLNPQWREQFDFHLYEERGGVIDIT
coding|sp|Q6DN14|MCTP1_HUMAN|652|L86|26,CODING,86,VELNNDRLLTHTVYKNLNPEWNKVFTFNIKDIHSVLEVTVYDEDRDRSADFLGKVAIPLLSIQNGEQKAYVLKNKQLTGPTKGVIY
coding|sp|Q6DN14|MCTP1_HUMAN|792|L86|27,CODING,86,YYVNSCFDWDSPPRSLAAFVLFLFVVWNFELYMIPLVLLLLLTWNYFLIISGKDNRQRDTVVEDMLEDEEEEDDKDDKDSEKKGFI
coding|sp|Q6DN14|MCTP1_HUMAN|80|L85|28,CODING,85,FKKRKQVLDRVFSSSQPNLCCSSPEPLEPGGAGRAEQGSTLRRRIREHLLPAVKGPAAASGAAGGTPPGGRSPDSAPSSSSASSS
coding|sp|Q6DN14|MCTP1_HUMAN|541|L85|29,CODING,85,AGKRDDFIGRCQVDLSALSREQTHKLELQLEEGEGHLVLLVTLTASATVSISDLSVNSLEDQKEREEILKRYSPLRIFHNLKDVG
coding|sp|Q6DN14|MCTP1_HUMAN|839|L85|30,CODING,85,LIISGKDNRQRDTVVEDMLEDEEEEDDKDDKDSEKKGFINKIYAIQEVCVSVQNILDEVASFGERIKNTFNWTVPFLSWLAIVAL
coding|sp|Q6DN14|MCTP1_HUMAN|201|L84|31,CODING,84,PGTACLEQLLEPPPPPAEPARSPAESRAPETGEEHGSSQKIINTAGTSNAEVPLADPGMYQLDITLRRGQSLAARDRGGTSDPY
coding|sp|Q6DN14|MCTP1_HUMAN|657|L84|32,CODING,84,DRLLTHTVYKNLNPEWNKVFTFNIKDIHSVLEVTVYDEDRDRSADFLGKVAIPLLSIQNGEQKAYVLKNKQLTGPTKGVIYLEI
coding|sp|Q6DN14|MCTP1_HUMAN|652|L84|33,CODING,84,VELNNDRLLTHTVYKNLNPEWNKVFTFNIKDIHSVLEVTVYDEDRDRSADFLGKVAIPLLSIQNGEQKAYVLKNKQLTGPTKGV
coding|sp|Q6DN14|MCTP1_HUMAN|356|L84|34,CODING,84,DVTLTLKDPHYPDHDLGIILLSVILTPKEGESRDVTMLMRKSWKRSSKELSENEVVGSYFSVKSLFWRTCGRPALPVLGFCRAE
coding|sp|Q6DN14|MCTP1_HUMAN|553|L84|35,CODING,84,VDLSALSREQTHKLELQLEEGEGHLVLLVTLTASATVSISDLSVNSLEDQKEREEILKRYSPLRIFHNLKDVGFLQVKVIRAEG
coding|sp|Q6DN14|MCTP1_HUMAN|423|L83|36,CODING,83,RTCGRPALPVLGFCRAELQNPYCKNVQFQTQSLRLSDLHRKSHLWRGIVSITLIEGRDLKAMDSNGLSDPYVKFRLGHQKYKS
coding|sp|Q6DN14|MCTP1_HUMAN|443|L83|37,CODING,83,PYCKNVQFQTQSLRLSDLHRKSHLWRGIVSITLIEGRDLKAMDSNGLSDPYVKFRLGHQKYKSKIMPKTLNPQWREQFDFHLY
coding|sp|Q6DN14|MCTP1_HUMAN|625|L82|38,CODING,82,GFLQVKVIRAEGLMAADVTGKSDPFCVVELNNDRLLTHTVYKNLNPEWNKVFTFNIKDIHSVLEVTVYDEDRDRSADFLGKV
coding|sp|Q6DN14|MCTP1_HUMAN|316|L82|39,CODING,82,VDHLREPLYIKVFDYDFGLQDDFMGSAFLDLTQLELNRPTDVTLTLKDPHYPDHDLGIILLSVILTPKEGESRDVTMLMRKS
coding|sp|Q6DN14|MCTP1_HUMAN|376|L82|40,CODING,82,LSVILTPKEGESRDVTMLMRKSWKRSSKELSENEVVGSYFSVKSLFWRTCGRPALPVLGFCRAELQNPYCKNVQFQTQSLRL
coding|sp|Q6DN14|MCTP1_HUMAN|136|L82|41,CODING,82,AAASGAAGGTPPGGRSPDSAPSSSSASSSLSSSPQPPPRGDRARDEGARRQGPGAHLCHQKSSSLPGTACLEQLLEPPPPPA
coding|sp|Q6DN14|MCTP1_HUMAN|594|L81|42,CODING,81,LSVNSLEDQKEREEILKRYSPLRIFHNLKDVGFLQVKVIRAEGLMAADVTGKSDPFCVVELNNDRLLTHTVYKNLNPEWNK
coding|sp|Q6DN14|MCTP1_HUMAN|404|L81|43,CODING,81,ELSENEVVGSYFSVKSLFWRTCGRPALPVLGFCRAELQNPYCKNVQFQTQSLRLSDLHRKSHLWRGIVSITLIEGRDLKAM
coding|sp|Q6DN14|MCTP1_HUMAN|411|L81|44,CODING,81,VGSYFSVKSLFWRTCGRPALPVLGFCRAELQNPYCKNVQFQTQSLRLSDLHRKSHLWRGIVSITLIEGRDLKAMDSNGLSD
coding|sp|Q6DN14|MCTP1_HUMAN|512|L80|45,CODING,80,LNPQWREQFDFHLYEERGGVIDITAWDKDAGKRDDFIGRCQVDLSALSREQTHKLELQLEEGEGHLVLLVTLTASATVSI
coding|sp|Q6DN14|MCTP1_HUMAN|352|L80|46,CODING,80,NRPTDVTLTLKDPHYPDHDLGIILLSVILTPKEGESRDVTMLMRKSWKRSSKELSENEVVGSYFSVKSLFWRTCGRPALP
coding|sp|Q6DN14|MCTP1_HUMAN|29|L80|47,CODING,80,LGVGRSKGGGGGRAGGPERRTADTPSPSPPPPVGTGNAPARGSGAGSRWSGFKKRKQVLDRVFSSSQPNLCCSSPEPLEP
coding|sp|Q6DN14|MCTP1_HUMAN|575|L79|48,CODING,79,GHLVLLVTLTASATVSISDLSVNSLEDQKEREEILKRYSPLRIFHNLKDVGFLQVKVIRAEGLMAADVTGKSDPFCVVE
coding|sp|Q6DN14|MCTP1_HUMAN|818|L79|49,CODING,79,WNFELYMIPLVLLLLLTWNYFLIISGKDNRQRDTVVEDMLEDEEEEDDKDDKDSEKKGFINKIYAIQEVCVSVQNILDE
coding|sp|Q6DN14|MCTP1_HUMAN|746|L78|50,CODING,78,AVKASLRTLIPKEQKYIEEENRLSKQLLLRNFIRMKRCVMVLVNAAYYVNSCFDWDSPPRSLAAFVLFLFVVWNFELY
coding|sp|Q6DN14|MCTP1_HUMAN|483|L78|51,CODING,78,AMDSNGLSDPYVKFRLGHQKYKSKIMPKTLNPQWREQFDFHLYEERGGVIDITAWDKDAGKRDDFIGRCQVDLSALSR
coding|sp|Q6DN14|MCTP1_HUMAN|508|L78|52,CODING,78,MPKTLNPQWREQFDFHLYEERGGVIDITAWDKDAGKRDDFIGRCQVDLSALSREQTHKLELQLEEGEGHLVLLVTLTA
coding|sp|Q6DN14|MCTP1_HUMAN|93|L78|53,CODING,78,SSQPNLCCSSPEPLEPGGAGRAEQGSTLRRRIREHLLPAVKGPAAASGAAGGTPPGGRSPDSAPSSSSASSSLSSSPQ
coding|sp|Q6DN14|MCTP1_HUMAN|603|L78|54,CODING,78,KEREEILKRYSPLRIFHNLKDVGFLQVKVIRAEGLMAADVTGKSDPFCVVELNNDRLLTHTVYKNLNPEWNKVFTFNI
coding|sp|Q6DN14|MCTP1_HUMAN|533|L77|55,CODING,77,DITAWDKDAGKRDDFIGRCQVDLSALSREQTHKLELQLEEGEGHLVLLVTLTASATVSISDLSVNSLEDQKEREEIL
coding|sp|Q6DN14|MCTP1_HUMAN|672|L77|56,CODING,77,WNKVFTFNIKDIHSVLEVTVYDEDRDRSADFLGKVAIPLLSIQNGEQKAYVLKNKQLTGPTKGVIYLEIDVIFNAVK
coding|sp|Q6DN14|MCTP1_HUMAN|328|L77|57,CODING,77,FDYDFGLQDDFMGSAFLDLTQLELNRPTDVTLTLKDPHYPDHDLGIILLSVILTPKEGESRDVTMLMRKSWKRSSKE
coding|sp|Q6DN14|MCTP1_HUMAN|481|L77|58,CODING,77,LKAMDSNGLSDPYVKFRLGHQKYKSKIMPKTLNPQWREQFDFHLYEERGGVIDITAWDKDAGKRDDFIGRCQVDLSA
coding|sp|Q6DN14|MCTP1_HUMAN|877|L77|59,CODING,77,INKIYAIQEVCVSVQNILDEVASFGERIKNTFNWTVPFLSWLAIVALCVFTAILYCIPLRYIVLVWGINKFTKKLRS
coding|sp|Q6DN14|MCTP1_HUMAN|892|L77|60,CODING,77,NILDEVASFGERIKNTFNWTVPFLSWLAIVALCVFTAILYCIPLRYIVLVWGINKFTKKLRSPYAIDNNELLDFLSR
coding|sp|Q6DN14|MCTP1_HUMAN|686|L76|61,CODING,76,VLEVTVYDEDRDRSADFLGKVAIPLLSIQNGEQKAYVLKNKQLTGPTKGVIYLEIDVIFNAVKASLRTLIPKEQKY
coding|sp|Q6DN14|MCTP1_HUMAN|374|L76|62,CODING,76,ILLSVILTPKEGESRDVTMLMRKSWKRSSKELSENEVVGSYFSVKSLFWRTCGRPALPVLGFCRAELQNPYCKNVQ
coding|sp|Q6DN14|MCTP1_HUMAN|166|L76|63,CODING,76,SSSPQPPPRGDRARDEGARRQGPGAHLCHQKSSSLPGTACLEQLLEPPPPPAEPARSPAESRAPETGEEHGSSQKI
coding|sp|Q6DN14|MCTP1_HUMAN|788|L76|64,CODING,76,VNAAYYVNSCFDWDSPPRSLAAFVLFLFVVWNFELYMIPLVLLLLLTWNYFLIISGKDNRQRDTVVEDMLEDEEEE
coding|sp|Q6DN14|MCTP1_HUMAN|215|L76|65,CODING,76,PPAEPARSPAESRAPETGEEHGSSQKIINTAGTSNAEVPLADPGMYQLDITLRRGQSLAARDRGGTSDPYVKFKIG
coding|sp|Q6DN14|MCTP1_HUMAN|838|L75|66,CODING,75,FLIISGKDNRQRDTVVEDMLEDEEEEDDKDDKDSEKKGFINKIYAIQEVCVSVQNILDEVASFGERIKNTFNWTV
coding|sp|Q6DN14|MCTP1_HUMAN|744|L75|67,CODING,75,FNAVKASLRTLIPKEQKYIEEENRLSKQLLLRNFIRMKRCVMVLVNAAYYVNSCFDWDSPPRSLAAFVLFLFVVW
coding|sp|Q6DN14|MCTP1_HUMAN|113|L75|68,CODING,75,RAEQGSTLRRRIREHLLPAVKGPAAASGAAGGTPPGGRSPDSAPSSSSASSSLSSSPQPPPRGDRARDEGARRQG
coding|sp|Q6DN14|MCTP1_HUMAN|621|L75|69,CODING,75,LKDVGFLQVKVIRAEGLMAADVTGKSDPFCVVELNNDRLLTHTVYKNLNPEWNKVFTFNIKDIHSVLEVTVYDED
coding|sp|Q6DN14|MCTP1_HUMAN|74|L75|70,CODING,75,GSRWSGFKKRKQVLDRVFSSSQPNLCCSSPEPLEPGGAGRAEQGSTLRRRIREHLLPAVKGPAAASGAAGGTPPG
coding|sp|Q6DN14|MCTP1_HUMAN|313|L74|71,CODING,74,CILVDHLREPLYIKVFDYDFGLQDDFMGSAFLDLTQLELNRPTDVTLTLKDPHYPDHDLGIILLSVILTPKEGE
coding|sp|Q6DN14|MCTP1_HUMAN|259|L74|72,CODING,74,MYQLDITLRRGQSLAARDRGGTSDPYVKFKIGGKEVFRSKIIHKNLNPVWEEKACILVDHLREPLYIKVFDYDF
coding|sp|Q6DN14|MCTP1_HUMAN|198|L73|73,CODING,73,SSLPGTACLEQLLEPPPPPAEPARSPAESRAPETGEEHGSSQKIINTAGTSNAEVPLADPGMYQLDITLRRGQ
coding|sp|Q6DN14|MCTP1_HUMAN|104|L73|74,CODING,73,EPLEPGGAGRAEQGSTLRRRIREHLLPAVKGPAAASGAAGGTPPGGRSPDSAPSSSSASSSLSSSPQPPPRGD
coding|sp|Q6DN14|MCTP1_HUMAN|725|L72|75,CODING,72,NKQLTGPTKGVIYLEIDVIFNAVKASLRTLIPKEQKYIEEENRLSKQLLLRNFIRMKRCVMVLVNAAYYVNS
coding|sp|Q6DN14|MCTP1_HUMAN|346|L72|76,CODING,72,LTQLELNRPTDVTLTLKDPHYPDHDLGIILLSVILTPKEGESRDVTMLMRKSWKRSSKELSENEVVGSYFSV
coding|sp|Q6DN14|MCTP1_HUMAN|0|L72|77,CODING,72,MEPRAAAAGEPEPPAASSSFQARLWKNLQLGVGRSKGGGGGRAGGPERRTADTPSPSPPPPVGTGNAPARGS
coding|sp|Q6DN14|MCTP1_HUMAN|871|L72|78,CODING,72,SEKKGFINKIYAIQEVCVSVQNILDEVASFGERIKNTFNWTVPFLSWLAIVALCVFTAILYCIPLRYIVLVW
coding|sp|Q6DN14|MCTP1_HUMAN|397|L72|79,CODING,72,SWKRSSKELSENEVVGSYFSVKSLFWRTCGRPALPVLGFCRAELQNPYCKNVQFQTQSLRLSDLHRKSHLWR
coding|sp|Q6DN14|MCTP1_HUMAN|609|L72|80,CODING,72,LKRYSPLRIFHNLKDVGFLQVKVIRAEGLMAADVTGKSDPFCVVELNNDRLLTHTVYKNLNPEWNKVFTFNI
coding|sp|Q6DN14|MCTP1_HUMAN|714|L71|81,CODING,71,QNGEQKAYVLKNKQLTGPTKGVIYLEIDVIFNAVKASLRTLIPKEQKYIEEENRLSKQLLLRNFIRMKRCV
coding|sp|Q6DN14|MCTP1_HUMAN|485|L71|82,CODING,71,DSNGLSDPYVKFRLGHQKYKSKIMPKTLNPQWREQFDFHLYEERGGVIDITAWDKDAGKRDDFIGRCQVDL
coding|sp|Q6DN14|MCTP1_HUMAN|166|L71|83,CODING,71,SSSPQPPPRGDRARDEGARRQGPGAHLCHQKSSSLPGTACLEQLLEPPPPPAEPARSPAESRAPETGEEHG
coding|sp|Q6DN14|MCTP1_HUMAN|393|L71|84,CODING,71,LMRKSWKRSSKELSENEVVGSYFSVKSLFWRTCGRPALPVLGFCRAELQNPYCKNVQFQTQSLRLSDLHRK
coding|sp|Q6DN14|MCTP1_HUMAN|349|L71|85,CODING,71,LELNRPTDVTLTLKDPHYPDHDLGIILLSVILTPKEGESRDVTMLMRKSWKRSSKELSENEVVGSYFSVKS
coding|sp|Q6DN14|MCTP1_HUMAN|266|L70|86,CODING,70,LRRGQSLAARDRGGTSDPYVKFKIGGKEVFRSKIIHKNLNPVWEEKACILVDHLREPLYIKVFDYDFGLQ
coding|sp|Q6DN14|MCTP1_HUMAN|414|L70|87,CODING,70,YFSVKSLFWRTCGRPALPVLGFCRAELQNPYCKNVQFQTQSLRLSDLHRKSHLWRGIVSITLIEGRDLKA
coding|sp|Q6DN14|MCTP1_HUMAN|186|L70|88,CODING,70,QGPGAHLCHQKSSSLPGTACLEQLLEPPPPPAEPARSPAESRAPETGEEHGSSQKIINTAGTSNAEVPLA
coding|sp|Q6DN14|MCTP1_HUMAN|132|L70|89,CODING,70,VKGPAAASGAAGGTPPGGRSPDSAPSSSSASSSLSSSPQPPPRGDRARDEGARRQGPGAHLCHQKSSSLP
coding|sp|Q6DN14|MCTP1_HUMAN|849|L70|90,CODING,70,RDTVVEDMLEDEEEEDDKDDKDSEKKGFINKIYAIQEVCVSVQNILDEVASFGERIKNTFNWTVPFLSWL
coding|sp|Q6DN14|MCTP1_HUMAN|465|L70|91,CODING,70,HLWRGIVSITLIEGRDLKAMDSNGLSDPYVKFRLGHQKYKSKIMPKTLNPQWREQFDFHLYEERGGVIDI
coding|sp|Q6DN14|MCTP1_HUMAN|391|L70|92,CODING,70,TMLMRKSWKRSSKELSENEVVGSYFSVKSLFWRTCGRPALPVLGFCRAELQNPYCKNVQFQTQSLRLSDL
coding|sp|Q6DN14|MCTP1_HUMAN|280|L69|93,CODING,69,TSDPYVKFKIGGKEVFRSKIIHKNLNPVWEEKACILVDHLREPLYIKVFDYDFGLQDDFMGSAFLDLTQ
coding|sp|Q6DN14|MCTP1_HUMAN|765|L69|94,CODING,69,ENRLSKQLLLRNFIRMKRCVMVLVNAAYYVNSCFDWDSPPRSLAAFVLFLFVVWNFELYMIPLVLLLLL
coding|sp|Q6DN14|MCTP1_HUMAN|766|L69|95,CODING,69,NRLSKQLLLRNFIRMKRCVMVLVNAAYYVNSCFDWDSPPRSLAAFVLFLFVVWNFELYMIPLVLLLLLT
coding|sp|Q6DN14|MCTP1_HUMAN|51|L68|96,CODING,68,DTPSPSPPPPVGTGNAPARGSGAGSRWSGFKKRKQVLDRVFSSSQPNLCCSSPEPLEPGGAGRAEQGS
coding|sp|Q6DN14|MCTP1_HUMAN|312|L68|97,CODING,68,ACILVDHLREPLYIKVFDYDFGLQDDFMGSAFLDLTQLELNRPTDVTLTLKDPHYPDHDLGIILLSVI
coding|sp|Q6DN14|MCTP1_HUMAN|769|L68|98,CODING,68,SKQLLLRNFIRMKRCVMVLVNAAYYVNSCFDWDSPPRSLAAFVLFLFVVWNFELYMIPLVLLLLLTWN
coding|sp|Q6DN14|MCTP1_HUMAN|220|L68|99,CODING,68,ARSPAESRAPETGEEHGSSQKIINTAGTSNAEVPLADPGMYQLDITLRRGQSLAARDRGGTSDPYVKF
coding|sp|Q6DN14|MCTP1_HUMAN|636|L68|100,CODING,68,GLMAADVTGKSDPFCVVELNNDRLLTHTVYKNLNPEWNKVFTFNIKDIHSVLEVTVYDEDRDRSADFL
coding|sp|Q6DN14|MCTP1_HUMAN|930|L67|101,CODING,67,LYCIPLRYIVLVWGINKFTKKLRSPYAIDNNELLDFLSRVPSDVQVVQYQELKPDPSHSPYKRKKNN
coding|sp|Q6DN14|MCTP1_HUMAN|772|L67|102,CODING,67,LLLRNFIRMKRCVMVLVNAAYYVNSCFDWDSPPRSLAAFVLFLFVVWNFELYMIPLVLLLLLTWNYF
coding|sp|Q6DN14|MCTP1_HUMAN|634|L66|103,CODING,66,AEGLMAADVTGKSDPFCVVELNNDRLLTHTVYKNLNPEWNKVFTFNIKDIHSVLEVTVYDEDRDRS
coding|sp|Q6DN14|MCTP1_HUMAN|327|L66|104,CODING,66,VFDYDFGLQDDFMGSAFLDLTQLELNRPTDVTLTLKDPHYPDHDLGIILLSVILTPKEGESRDVTM
coding|sp|Q6DN14|MCTP1_HUMAN|368|L66|105,CODING,66,DHDLGIILLSVILTPKEGESRDVTMLMRKSWKRSSKELSENEVVGSYFSVKSLFWRTCGRPALPVL
coding|sp|Q6DN14|MCTP1_HUMAN|792|L66|106,CODING,66,YYVNSCFDWDSPPRSLAAFVLFLFVVWNFELYMIPLVLLLLLTWNYFLIISGKDNRQRDTVVEDML
coding|sp|Q6DN14|MCTP1_HUMAN|46|L65|107,CODING,65,ERRTADTPSPSPPPPVGTGNAPARGSGAGSRWSGFKKRKQVLDRVFSSSQPNLCCSSPEPLEPGG
coding|sp|Q6DN14|MCTP1_HUMAN|169|L65|108,CODING,65,PQPPPRGDRARDEGARRQGPGAHLCHQKSSSLPGTACLEQLLEPPPPPAEPARSPAESRAPETGE
coding|sp|Q6DN14|MCTP1_HUMAN|772|L65|109,CODING,65,LLLRNFIRMKRCVMVLVNAAYYVNSCFDWDSPPRSLAAFVLFLFVVWNFELYMIPLVLLLLLTWN
coding|sp|Q6DN14|MCTP1_HUMAN|134|L65|110,CODING,65,GPAAASGAAGGTPPGGRSPDSAPSSSSASSSLSSSPQPPPRGDRARDEGARRQGPGAHLCHQKSS
coding|sp|Q6DN14|MCTP1_HUMAN|911|L65|111,CODING,65,TVPFLSWLAIVALCVFTAILYCIPLRYIVLVWGINKFTKKLRSPYAIDNNELLDFLSRVPSDVQV
coding|sp|Q6DN14|MCTP1_HUMAN|669|L65|112,CODING,65,NPEWNKVFTFNIKDIHSVLEVTVYDEDRDRSADFLGKVAIPLLSIQNGEQKAYVLKNKQLTGPTK
coding|sp|Q6DN14|MCTP1_HUMAN|321|L65|113,CODING,65,EPLYIKVFDYDFGLQDDFMGSAFLDLTQLELNRPTDVTLTLKDPHYPDHDLGIILLSVILTPKEG
coding|sp|Q6DN14|MCTP1_HUMAN|882|L65|114,CODING,65,AIQEVCVSVQNILDEVASFGERIKNTFNWTVPFLSWLAIVALCVFTAILYCIPLRYIVLVWGINK
coding|sp|Q6DN14|MCTP1_HUMAN|683|L65|115,CODING,65,IHSVLEVTVYDEDRDRSADFLGKVAIPLLSIQNGEQKAYVLKNKQLTGPTKGVIYLEIDVIFNAV
coding|sp|Q6DN14|MCTP1_HUMAN|760|L64|116,CODING,64,KYIEEENRLSKQLLLRNFIRMKRCVMVLVNAAYYVNSCFDWDSPPRSLAAFVLFLFVVWNFELY
coding|sp|Q6DN14|MCTP1_HUMAN|212|L64|117,CODING,64,PPPPPAEPARSPAESRAPETGEEHGSSQKIINTAGTSNAEVPLADPGMYQLDITLRRGQSLAAR
coding|sp|Q6DN14|MCTP1_HUMAN|387|L64|118,CODING,64,SRDVTMLMRKSWKRSSKELSENEVVGSYFSVKSLFWRTCGRPALPVLGFCRAELQNPYCKNVQF
coding|sp|Q6DN14|MCTP1_HUMAN|590|L63|119,CODING,63,SISDLSVNSLEDQKEREEILKRYSPLRIFHNLKDVGFLQVKVIRAEGLMAADVTGKSDPFCVV
coding|sp|Q6DN14|MCTP1_HUMAN|904|L63|120,CODING,63,IKNTFNWTVPFLSWLAIVALCVFTAILYCIPLRYIVLVWGINKFTKKLRSPYAIDNNELLDFL
coding|sp|Q6DN14|MCTP1_HUMAN|808|L63|121,CODING,63,AAFVLFLFVVWNFELYMIPLVLLLLLTWNYFLIISGKDNRQRDTVVEDMLEDEEEEDDKDDKD
coding|sp|Q6DN14|MCTP1_HUMAN|240|L63|122,CODING,63,KIINTAGTSNAEVPLADPGMYQLDITLRRGQSLAARDRGGTSDPYVKFKIGGKEVFRSKIIHK
coding|sp|Q6DN14|MCTP1_HUMAN|714|L63|123,CODING,63,QNGEQKAYVLKNKQLTGPTKGVIYLEIDVIFNAVKASLRTLIPKEQKYIEEENRLSKQLLLRN
coding|sp|Q6DN14|MCTP1_HUMAN|867|L63|124,CODING,63,DDKDSEKKGFINKIYAIQEVCVSVQNILDEVASFGERIKNTFNWTVPFLSWLAIVALCVFTAI
coding|sp|Q6DN14|MCTP1_HUMAN|488|L62|125,CODING,62,GLSDPYVKFRLGHQKYKSKIMPKTLNPQWREQFDFHLYEERGGVIDITAWDKDAGKRDDFIG
coding|sp|Q6DN14|MCTP1_HUMAN|392|L62|126,CODING,62,MLMRKSWKRSSKELSENEVVGSYFSVKSLFWRTCGRPALPVLGFCRAELQNPYCKNVQFQTQ
coding|sp|Q6DN14|MCTP1_HUMAN|633|L62|127,CODING,62,RAEGLMAADVTGKSDPFCVVELNNDRLLTHTVYKNLNPEWNKVFTFNIKDIHSVLEVTVYDE
coding|sp|Q6DN14|MCTP1_HUMAN|696|L62|128,CODING,62,RDRSADFLGKVAIPLLSIQNGEQKAYVLKNKQLTGPTKGVIYLEIDVIFNAVKASLRTLIPK
coding|sp|Q6DN14|MCTP1_HUMAN|647|L61|129,CODING,61,DPFCVVELNNDRLLTHTVYKNLNPEWNKVFTFNIKDIHSVLEVTVYDEDRDRSADFLGKVA
coding|sp|Q6DN14|MCTP1_HUMAN|401|L61|130,CODING,61,SSKELSENEVVGSYFSVKSLFWRTCGRPALPVLGFCRAELQNPYCKNVQFQTQSLRLSDLH
coding|sp|Q6DN14|MCTP1_HUMAN|771|L61|131,CODING,61,QLLLRNFIRMKRCVMVLVNAAYYVNSCFDWDSPPRSLAAFVLFLFVVWNFELYMIPLVLLL
coding|sp|Q6DN14|MCTP1_HUMAN|80|L60|132,CODING,60,FKKRKQVLDRVFSSSQPNLCCSSPEPLEPGGAGRAEQGSTLRRRIREHLLPAVKGPAAAS
coding|sp|Q6DN14|MCTP1_HUMAN|230|L60|133,CODING,60,ETGEEHGSSQKIINTAGTSNAEVPLADPGMYQLDITLRRGQSLAARDRGGTSDPYVKFKI
coding|sp|Q6DN14|MCTP1_HUMAN|121|L59|134,CODING,59,RRRIREHLLPAVKGPAAASGAAGGTPPGGRSPDSAPSSSSASSSLSSSPQPPPRGDRAR
coding|sp|Q6DN14|MCTP1_HUMAN|220|L59|135,CODING,59,ARSPAESRAPETGEEHGSSQKIINTAGTSNAEVPLADPGMYQLDITLRRGQSLAARDRG
coding|sp|Q6DN14|MCTP1_HUMAN|682|L59|136,CODING,59,DIHSVLEVTVYDEDRDRSADFLGKVAIPLLSIQNGEQKAYVLKNKQLTGPTKGVIYLEI
coding|sp|Q6DN14|MCTP1_HUMAN|846|L59|137,CODING,59,NRQRDTVVEDMLEDEEEEDDKDDKDSEKKGFINKIYAIQEVCVSVQNILDEVASFGERI
coding|sp|Q6DN14|MCTP1_HUMAN|552|L59|138,CODING,59,QVDLSALSREQTHKLELQLEEGEGHLVLLVTLTASATVSISDLSVNSLEDQKEREEILK
coding|sp|Q6DN14|MCTP1_HUMAN|732|L59|139,CODING,59,TKGVIYLEIDVIFNAVKASLRTLIPKEQKYIEEENRLSKQLLLRNFIRMKRCVMVLVNA
coding|sp|Q6DN14|MCTP1_HUMAN|32|L59|140,CODING,59,GRSKGGGGGRAGGPERRTADTPSPSPPPPVGTGNAPARGSGAGSRWSGFKKRKQVLDRV
coding|sp|Q6DN14|MCTP1_HUMAN|311|L58|141,CODING,58,KACILVDHLREPLYIKVFDYDFGLQDDFMGSAFLDLTQLELNRPTDVTLTLKDPHYPD
coding|sp|Q6DN14|MCTP1_HUMAN|587|L58|142,CODING,58,ATVSISDLSVNSLEDQKEREEILKRYSPLRIFHNLKDVGFLQVKVIRAEGLMAADVTG
coding|sp|Q6DN14|MCTP1_HUMAN|713|L57|143,CODING,57,IQNGEQKAYVLKNKQLTGPTKGVIYLEIDVIFNAVKASLRTLIPKEQKYIEEENRLS
coding|sp|Q6DN14|MCTP1_HUMAN|833|L57|144,CODING,57,LTWNYFLIISGKDNRQRDTVVEDMLEDEEEEDDKDDKDSEKKGFINKIYAIQEVCVS
coding|sp|Q6DN14|MCTP1_HUMAN|249|L56|145,CODING,56,NAEVPLADPGMYQLDITLRRGQSLAARDRGGTSDPYVKFKIGGKEVFRSKIIHKNL
coding|sp|Q6DN14|MCTP1_HUMAN|92|L56|146,CODING,56,SSSQPNLCCSSPEPLEPGGAGRAEQGSTLRRRIREHLLPAVKGPAAASGAAGGTPP
coding|sp|Q6DN14|MCTP1_HUMAN|464|L56|147,CODING,56,SHLWRGIVSITLIEGRDLKAMDSNGLSDPYVKFRLGHQKYKSKIMPKTLNPQWREQ
coding|sp|Q6DN14|MCTP1_HUMAN|556|L56|148,CODING,56,SALSREQTHKLELQLEEGEGHLVLLVTLTASATVSISDLSVNSLEDQKEREEILKR
coding|sp|Q6DN14|MCTP1_HUMAN|204|L55|149,CODING,55,ACLEQLLEPPPPPAEPARSPAESRAPETGEEHGSSQKIINTAGTSNAEVPLADPG
coding|sp|Q6DN14|MCTP1_HUMAN|199|L55|150,CODING,55,SLPGTACLEQLLEPPPPPAEPARSPAESRAPETGEEHGSSQKIINTAGTSNAEVP
coding|sp|Q6DN14|MCTP1_HUMAN|8|L55|151,CODING,55,GEPEPPAASSSFQARLWKNLQLGVGRSKGGGGGRAGGPERRTADTPSPSPPPPVG
coding|sp|Q6DN14|MCTP1_HUMAN|46|L55|152,CODING,55,ERRTADTPSPSPPPPVGTGNAPARGSGAGSRWSGFKKRKQVLDRVFSSSQPNLCC
coding|sp|Q6DN14|MCTP1_HUMAN|596|L55|153,CODING,55,VNSLEDQKEREEILKRYSPLRIFHNLKDVGFLQVKVIRAEGLMAADVTGKSDPFC
coding|sp|Q6DN14|MCTP1_HUMAN|55|L55|154,CODING,55,PSPPPPVGTGNAPARGSGAGSRWSGFKKRKQVLDRVFSSSQPNLCCSSPEPLEPG
coding|sp|Q6DN14|MCTP1_HUMAN|687|L55|155,CODING,55,LEVTVYDEDRDRSADFLGKVAIPLLSIQNGEQKAYVLKNKQLTGPTKGVIYLEID
coding|sp|Q6DN14|MCTP1_HUMAN|428|L54|156,CODING,54,PALPVLGFCRAELQNPYCKNVQFQTQSLRLSDLHRKSHLWRGIVSITLIEGRDL
coding|sp|Q6DN14|MCTP1_HUMAN|844|L54|157,CODING,54,KDNRQRDTVVEDMLEDEEEEDDKDDKDSEKKGFINKIYAIQEVCVSVQNILDEV
coding|sp|Q6DN14|MCTP1_HUMAN|242|L54|158,CODING,54,INTAGTSNAEVPLADPGMYQLDITLRRGQSLAARDRGGTSDPYVKFKIGGKEVF
coding|sp|Q6DN14|MCTP1_HUMAN|851|L54|159,CODING,54,TVVEDMLEDEEEEDDKDDKDSEKKGFINKIYAIQEVCVSVQNILDEVASFGERI
coding|sp|Q6DN14|MCTP1_HUMAN|147|L54|160,CODING,54,PGGRSPDSAPSSSSASSSLSSSPQPPPRGDRARDEGARRQGPGAHLCHQKSSSL
coding|sp|Q6DN14|MCTP1_HUMAN|774|L54|161,CODING,54,LRNFIRMKRCVMVLVNAAYYVNSCFDWDSPPRSLAAFVLFLFVVWNFELYMIPL
coding|sp|Q6DN14|MCTP1_HUMAN|866|L54|162,CODING,54,KDDKDSEKKGFINKIYAIQEVCVSVQNILDEVASFGERIKNTFNWTVPFLSWLA
coding|sp|Q6DN14|MCTP1_HUMAN|192|L53|163,CODING,53,LCHQKSSSLPGTACLEQLLEPPPPPAEPARSPAESRAPETGEEHGSSQKIINT
coding|sp|Q6DN14|MCTP1_HUMAN|819|L53|164,CODING,53,NFELYMIPLVLLLLLTWNYFLIISGKDNRQRDTVVEDMLEDEEEEDDKDDKDS
coding|sp|Q6DN14|MCTP1_HUMAN|346|L53|165,CODING,53,LTQLELNRPTDVTLTLKDPHYPDHDLGIILLSVILTPKEGESRDVTMLMRKSW
coding|sp|Q6DN14|MCTP1_HUMAN|839|L53|166,CODING,53,LIISGKDNRQRDTVVEDMLEDEEEEDDKDDKDSEKKGFINKIYAIQEVCVSVQ
coding|sp|Q6DN14|MCTP1_HUMAN|254|L52|167,CODING,52,LADPGMYQLDITLRRGQSLAARDRGGTSDPYVKFKIGGKEVFRSKIIHKNLN
coding|sp|Q6DN14|MCTP1_HUMAN|575|L52|168,CODING,52,GHLVLLVTLTASATVSISDLSVNSLEDQKEREEILKRYSPLRIFHNLKDVGF
coding|sp|Q6DN14|MCTP1_HUMAN|492|L52|169,CODING,52,PYVKFRLGHQKYKSKIMPKTLNPQWREQFDFHLYEERGGVIDITAWDKDAGK
coding|sp|Q6DN14|MCTP1_HUMAN|449|L52|170,CODING,52,QFQTQSLRLSDLHRKSHLWRGIVSITLIEGRDLKAMDSNGLSDPYVKFRLGH
coding|sp|Q6DN14|MCTP1_HUMAN|172|L52|171,CODING,52,PPRGDRARDEGARRQGPGAHLCHQKSSSLPGTACLEQLLEPPPPPAEPARSP
coding|sp|Q6DN14|MCTP1_HUMAN|770|L52|172,CODING,52,KQLLLRNFIRMKRCVMVLVNAAYYVNSCFDWDSPPRSLAAFVLFLFVVWNFE
coding|sp|Q6DN14|MCTP1_HUMAN|841|L51|173,CODING,51,ISGKDNRQRDTVVEDMLEDEEEEDDKDDKDSEKKGFINKIYAIQEVCVSVQ
coding|sp|Q6DN14|MCTP1_HUMAN|25|L51|174,CODING,51,KNLQLGVGRSKGGGGGRAGGPERRTADTPSPSPPPPVGTGNAPARGSGAGS
coding|sp|Q6DN14|MCTP1_HUMAN|892|L51|175,CODING,51,NILDEVASFGERIKNTFNWTVPFLSWLAIVALCVFTAILYCIPLRYIVLVW
coding|sp|Q6DN14|MCTP1_HUMAN|106|L51|176,CODING,51,LEPGGAGRAEQGSTLRRRIREHLLPAVKGPAAASGAAGGTPPGGRSPDSAP
coding|sp|Q6DN14|MCTP1_HUMAN|580|L51|177,CODING,51,LVTLTASATVSISDLSVNSLEDQKEREEILKRYSPLRIFHNLKDVGFLQVK
coding|sp|Q6DN14|MCTP1_HUMAN|206|L51|178,CODING,51,LEQLLEPPPPPAEPARSPAESRAPETGEEHGSSQKIINTAGTSNAEVPLAD
coding|sp|Q6DN14|MCTP1_HUMAN|435|L51|179,CODING,51,FCRAELQNPYCKNVQFQTQSLRLSDLHRKSHLWRGIVSITLIEGRDLKAMD
coding|sp|Q6DN14|MCTP1_HUMAN|811|L51|180,CODING,51,VLFLFVVWNFELYMIPLVLLLLLTWNYFLIISGKDNRQRDTVVEDMLEDEE
coding|sp|Q6DN14|MCTP1_HUMAN|815|L50|181,CODING,50,FVVWNFELYMIPLVLLLLLTWNYFLIISGKDNRQRDTVVEDMLEDEEEED
coding|sp|Q6DN14|MCTP1_HUMAN|820|L50|182,CODING,50,FELYMIPLVLLLLLTWNYFLIISGKDNRQRDTVVEDMLEDEEEEDDKDDK
coding|sp|Q6DN14|MCTP1_HUMAN|805|L50|183,CODING,50,RSLAAFVLFLFVVWNFELYMIPLVLLLLLTWNYFLIISGKDNRQRDTVVE
coding|sp|Q6DN14|MCTP1_HUMAN|148|L50|184,CODING,50,GGRSPDSAPSSSSASSSLSSSPQPPPRGDRARDEGARRQGPGAHLCHQKS
coding|sp|Q6DN14|MCTP1_HUMAN|155|L50|185,CODING,50,APSSSSASSSLSSSPQPPPRGDRARDEGARRQGPGAHLCHQKSSSLPGTA
coding|sp|Q6DN14|MCTP1_HUMAN|322|L49|186,CODING,49,PLYIKVFDYDFGLQDDFMGSAFLDLTQLELNRPTDVTLTLKDPHYPDHD
coding|sp|Q6DN14|MCTP1_HUMAN|432|L49|187,CODING,49,VLGFCRAELQNPYCKNVQFQTQSLRLSDLHRKSHLWRGIVSITLIEGRD
coding|sp|Q6DN14|MCTP1_HUMAN|639|L49|188,CODING,49,AADVTGKSDPFCVVELNNDRLLTHTVYKNLNPEWNKVFTFNIKDIHSVL
coding|sp|Q6DN14|MCTP1_HUMAN|831|L49|189,CODING,49,LLLTWNYFLIISGKDNRQRDTVVEDMLEDEEEEDDKDDKDSEKKGFINK
coding|sp|Q6DN14|MCTP1_HUMAN|352|L48|190,CODING,48,NRPTDVTLTLKDPHYPDHDLGIILLSVILTPKEGESRDVTMLMRKSWK
coding|sp|Q6DN14|MCTP1_HUMAN|239|L48|191,CODING,48,QKIINTAGTSNAEVPLADPGMYQLDITLRRGQSLAARDRGGTSDPYVK
coding|sp|Q6DN14|MCTP1_HUMAN|383|L48|192,CODING,48,KEGESRDVTMLMRKSWKRSSKELSENEVVGSYFSVKSLFWRTCGRPAL
coding|sp|Q6DN14|MCTP1_HUMAN|770|L48|193,CODING,48,KQLLLRNFIRMKRCVMVLVNAAYYVNSCFDWDSPPRSLAAFVLFLFVV
coding|sp|Q6DN14|MCTP1_HUMAN|862|L47|194,CODING,47,EEDDKDDKDSEKKGFINKIYAIQEVCVSVQNILDEVASFGERIKNTF
coding|sp|Q6DN14|MCTP1_HUMAN|514|L47|195,CODING,47,PQWREQFDFHLYEERGGVIDITAWDKDAGKRDDFIGRCQVDLSALSR
coding|sp|Q6DN14|MCTP1_HUMAN|811|L47|196,CODING,47,VLFLFVVWNFELYMIPLVLLLLLTWNYFLIISGKDNRQRDTVVEDML
coding|sp|Q6DN14|MCTP1_HUMAN|298|L47|197,CODING,47,KIIHKNLNPVWEEKACILVDHLREPLYIKVFDYDFGLQDDFMGSAFL
coding|sp|Q6DN14|MCTP1_HUMAN|820|L47|198,CODING,47,FELYMIPLVLLLLLTWNYFLIISGKDNRQRDTVVEDMLEDEEEEDDK
coding|sp|Q6DN14|MCTP1_HUMAN|474|L47|199,CODING,47,TLIEGRDLKAMDSNGLSDPYVKFRLGHQKYKSKIMPKTLNPQWREQF
coding|sp|Q6DN14|MCTP1_HUMAN|263|L46|200,CODING,46,DITLRRGQSLAARDRGGTSDPYVKFKIGGKEVFRSKIIHKNLNPVW
coding|sp|Q6DN14|MCTP1_HUMAN|778|L46|201,CODING,46,IRMKRCVMVLVNAAYYVNSCFDWDSPPRSLAAFVLFLFVVWNFELY
coding|sp|Q6DN14|MCTP1_HUMAN|762|L46|202,CODING,46,IEEENRLSKQLLLRNFIRMKRCVMVLVNAAYYVNSCFDWDSPPRSL
coding|sp|Q6DN14|MCTP1_HUMAN|227|L46|203,CODING,46,RAPETGEEHGSSQKIINTAGTSNAEVPLADPGMYQLDITLRRGQSL
coding|sp|Q6DN14|MCTP1_HUMAN|716|L46|204,CODING,46,GEQKAYVLKNKQLTGPTKGVIYLEIDVIFNAVKASLRTLIPKEQKY
coding|sp|Q6DN14|MCTP1_HUMAN|443|L46|205,CODING,46,PYCKNVQFQTQSLRLSDLHRKSHLWRGIVSITLIEGRDLKAMDSNG
coding|sp|Q6DN14|MCTP1_HUMAN|665|L46|206,CODING,46,YKNLNPEWNKVFTFNIKDIHSVLEVTVYDEDRDRSADFLGKVAIPL
coding|sp|Q6DN14|MCTP1_HUMAN|577|L45|207,CODING,45,LVLLVTLTASATVSISDLSVNSLEDQKEREEILKRYSPLRIFHNL
coding|sp|Q6DN14|MCTP1_HUMAN|858|L45|208,CODING,45,EDEEEEDDKDDKDSEKKGFINKIYAIQEVCVSVQNILDEVASFGE
coding|sp|Q6DN14|MCTP1_HUMAN|797|L45|209,CODING,45,CFDWDSPPRSLAAFVLFLFVVWNFELYMIPLVLLLLLTWNYFLII
coding|sp|Q6DN14|MCTP1_HUMAN|46|L45|210,CODING,45,ERRTADTPSPSPPPPVGTGNAPARGSGAGSRWSGFKKRKQVLDRV
coding|sp|Q6DN14|MCTP1_HUMAN|83|L45|211,CODING,45,RKQVLDRVFSSSQPNLCCSSPEPLEPGGAGRAEQGSTLRRRIREH
coding|sp|Q6DN14|MCTP1_HUMAN|246|L44|212,CODING,44,GTSNAEVPLADPGMYQLDITLRRGQSLAARDRGGTSDPYVKFKI
coding|sp|Q6DN14|MCTP1_HUMAN|898|L44|213,CODING,44,ASFGERIKNTFNWTVPFLSWLAIVALCVFTAILYCIPLRYIVLV
coding|sp|Q6DN14|MCTP1_HUMAN|517|L44|214,CODING,44,REQFDFHLYEERGGVIDITAWDKDAGKRDDFIGRCQVDLSALSR
coding|sp|Q6DN14|MCTP1_HUMAN|426|L44|215,CODING,44,GRPALPVLGFCRAELQNPYCKNVQFQTQSLRLSDLHRKSHLWRG
coding|sp|Q6DN14|MCTP1_HUMAN|903|L44|216,CODING,44,RIKNTFNWTVPFLSWLAIVALCVFTAILYCIPLRYIVLVWGINK
coding|sp|Q6DN14|MCTP1_HUMAN|739|L44|217,CODING,44,EIDVIFNAVKASLRTLIPKEQKYIEEENRLSKQLLLRNFIRMKR
coding|sp|Q6DN14|MCTP1_HUMAN|905|L44|218,CODING,44,KNTFNWTVPFLSWLAIVALCVFTAILYCIPLRYIVLVWGINKFT
coding|sp|Q6DN14|MCTP1_HUMAN|76|L44|219,CODING,44,RWSGFKKRKQVLDRVFSSSQPNLCCSSPEPLEPGGAGRAEQGST
coding|sp|Q6DN14|MCTP1_HUMAN|149|L44|220,CODING,44,GRSPDSAPSSSSASSSLSSSPQPPPRGDRARDEGARRQGPGAHL
coding|sp|Q6DN14|MCTP1_HUMAN|312|L43|221,CODING,43,ACILVDHLREPLYIKVFDYDFGLQDDFMGSAFLDLTQLELNRP
coding|sp|Q6DN14|MCTP1_HUMAN|276|L43|222,CODING,43,DRGGTSDPYVKFKIGGKEVFRSKIIHKNLNPVWEEKACILVDH
coding|sp|Q6DN14|MCTP1_HUMAN|861|L43|223,CODING,43,EEEDDKDDKDSEKKGFINKIYAIQEVCVSVQNILDEVASFGER
coding|sp|Q6DN14|MCTP1_HUMAN|811|L43|224,CODING,43,VLFLFVVWNFELYMIPLVLLLLLTWNYFLIISGKDNRQRDTVV
coding|sp|Q6DN14|MCTP1_HUMAN|156|L43|225,CODING,43,PSSSSASSSLSSSPQPPPRGDRARDEGARRQGPGAHLCHQKSS
coding|sp|Q6DN14|MCTP1_HUMAN|854|L43|226,CODING,43,EDMLEDEEEEDDKDDKDSEKKGFINKIYAIQEVCVSVQNILDE
coding|sp|Q6DN14|MCTP1_HUMAN|23|L43|227,CODING,43,LWKNLQLGVGRSKGGGGGRAGGPERRTADTPSPSPPPPVGTGN
coding|sp|Q6DN14|MCTP1_HUMAN|834|L43|228,CODING,43,TWNYFLIISGKDNRQRDTVVEDMLEDEEEEDDKDDKDSEKKGF
coding|sp|Q6DN14|MCTP1_HUMAN|33|L43|229,CODING,43,RSKGGGGGRAGGPERRTADTPSPSPPPPVGTGNAPARGSGAGS
coding|sp|Q6DN14|MCTP1_HUMAN|8|L42|230,CODING,42,GEPEPPAASSSFQARLWKNLQLGVGRSKGGGGGRAGGPERRT
coding|sp|Q6DN14|MCTP1_HUMAN|518|L42|231,CODING,42,EQFDFHLYEERGGVIDITAWDKDAGKRDDFIGRCQVDLSALS
coding|sp|Q6DN14|MCTP1_HUMAN|642|L42|232,CODING,42,VTGKSDPFCVVELNNDRLLTHTVYKNLNPEWNKVFTFNIKDI
coding|sp|Q6DN14|MCTP1_HUMAN|696|L42|233,CODING,42,RDRSADFLGKVAIPLLSIQNGEQKAYVLKNKQLTGPTKGVIY
coding|sp|Q6DN14|MCTP1_HUMAN|3|L42|234,CODING,42,RAAAAGEPEPPAASSSFQARLWKNLQLGVGRSKGGGGGRAGG
coding|sp|Q6DN14|MCTP1_HUMAN|10|L42|235,CODING,42,PEPPAASSSFQARLWKNLQLGVGRSKGGGGGRAGGPERRTAD
coding|sp|Q6DN14|MCTP1_HUMAN|768|L42|236,CODING,42,LSKQLLLRNFIRMKRCVMVLVNAAYYVNSCFDWDSPPRSLAA
coding|sp|Q6DN14|MCTP1_HUMAN|174|L42|237,CODING,42,RGDRARDEGARRQGPGAHLCHQKSSSLPGTACLEQLLEPPPP
coding|sp|Q6DN14|MCTP1_HUMAN|869|L41|238,CODING,41,KDSEKKGFINKIYAIQEVCVSVQNILDEVASFGERIKNTFN
coding|sp|Q6DN14|MCTP1_HUMAN|841|L41|239,CODING,41,ISGKDNRQRDTVVEDMLEDEEEEDDKDDKDSEKKGFINKIY
coding|sp|Q6DN14|MCTP1_HUMAN|210|L41|240,CODING,41,LEPPPPPAEPARSPAESRAPETGEEHGSSQKIINTAGTSNA
coding|sp|Q6DN14|MCTP1_HUMAN|386|L41|241,CODING,41,ESRDVTMLMRKSWKRSSKELSENEVVGSYFSVKSLFWRTCG
coding|sp|Q6DN14|MCTP1_HUMAN|944|L41|242,CODING,41,INKFTKKLRSPYAIDNNELLDFLSRVPSDVQVVQYQELKPD
coding|sp|Q6DN14|MCTP1_HUMAN|199|L41|243,CODING,41,SLPGTACLEQLLEPPPPPAEPARSPAESRAPETGEEHGSSQ
coding|sp|Q6DN14|MCTP1_HUMAN|201|L41|244,CODING,41,PGTACLEQLLEPPPPPAEPARSPAESRAPETGEEHGSSQKI
coding|sp|Q6DN14|MCTP1_HUMAN|722|L40|245,CODING,40,VLKNKQLTGPTKGVIYLEIDVIFNAVKASLRTLIPKEQKY
coding|sp|Q6DN14|MCTP1_HUMAN|718|L40|246,CODING,40,QKAYVLKNKQLTGPTKGVIYLEIDVIFNAVKASLRTLIPK
coding|sp|Q6DN14|MCTP1_HUMAN|345|L40|247,CODING,40,DLTQLELNRPTDVTLTLKDPHYPDHDLGIILLSVILTPKE
coding|sp|Q6DN14|MCTP1_HUMAN|679|L40|248,CODING,40,NIKDIHSVLEVTVYDEDRDRSADFLGKVAIPLLSIQNGEQ
coding|sp|Q6DN14|MCTP1_HUMAN|528|L40|249,CODING,40,RGGVIDITAWDKDAGKRDDFIGRCQVDLSALSREQTHKLE
coding|sp|Q6DN14|MCTP1_HUMAN|259|L40|250,CODING,40,MYQLDITLRRGQSLAARDRGGTSDPYVKFKIGGKEVFRSK
coding|sp|Q6DN14|MCTP1_HUMAN|140|L40|251,CODING,40,GAAGGTPPGGRSPDSAPSSSSASSSLSSSPQPPPRGDRAR
coding|sp|Q6DN14|MCTP1_HUMAN|33|L39|252,CODING,39,RSKGGGGGRAGGPERRTADTPSPSPPPPVGTGNAPARGS
coding|sp|Q6DN14|MCTP1_HUMAN|946|L39|253,CODING,39,KFTKKLRSPYAIDNNELLDFLSRVPSDVQVVQYQELKPD
coding|sp|Q6DN14|MCTP1_HUMAN|587|L39|254,CODING,39,ATVSISDLSVNSLEDQKEREEILKRYSPLRIFHNLKDVG
coding|sp|Q6DN14|MCTP1_HUMAN|100|L39|255,CODING,39,CSSPEPLEPGGAGRAEQGSTLRRRIREHLLPAVKGPAAA
coding|sp|Q6DN14|MCTP1_HUMAN|642|L39|256,CODING,39,VTGKSDPFCVVELNNDRLLTHTVYKNLNPEWNKVFTFNI
coding|sp|Q6DN14|MCTP1_HUMAN|200|L39|257,CODING,39,LPGTACLEQLLEPPPPPAEPARSPAESRAPETGEEHGSS
coding|sp|Q6DN14|MCTP1_HUMAN|939|L39|258,CODING,39,VLVWGINKFTKKLRSPYAIDNNELLDFLSRVPSDVQVVQ
coding|sp|Q6DN14|MCTP1_HUMAN|614|L39|259,CODING,39,PLRIFHNLKDVGFLQVKVIRAEGLMAADVTGKSDPFCVV
coding|sp|Q6DN14|MCTP1_HUMAN|886|L39|260,CODING,39,VCVSVQNILDEVASFGERIKNTFNWTVPFLSWLAIVALC
coding|sp|Q6DN14|MCTP1_HUMAN|594|L39|261,CODING,39,LSVNSLEDQKEREEILKRYSPLRIFHNLKDVGFLQVKVI
coding|sp|Q6DN14|MCTP1_HUMAN|527|L38|262,CODING,38,ERGGVIDITAWDKDAGKRDDFIGRCQVDLSALSREQTH
coding|sp|Q6DN14|MCTP1_HUMAN|432|L38|263,CODING,38,VLGFCRAELQNPYCKNVQFQTQSLRLSDLHRKSHLWRG
coding|sp|Q6DN14|MCTP1_HUMAN|878|L38|264,CODING,38,NKIYAIQEVCVSVQNILDEVASFGERIKNTFNWTVPFL
coding|sp|Q6DN14|MCTP1_HUMAN|767|L38|265,CODING,38,RLSKQLLLRNFIRMKRCVMVLVNAAYYVNSCFDWDSPP
coding|sp|Q6DN14|MCTP1_HUMAN|655|L38|266,CODING,38,NNDRLLTHTVYKNLNPEWNKVFTFNIKDIHSVLEVTVY
coding|sp|Q6DN14|MCTP1_HUMAN|124|L38|267,CODING,38,IREHLLPAVKGPAAASGAAGGTPPGGRSPDSAPSSSSA
coding|sp|Q6DN14|MCTP1_HUMAN|320|L38|268,CODING,38,REPLYIKVFDYDFGLQDDFMGSAFLDLTQLELNRPTDV
coding|sp|Q6DN14|MCTP1_HUMAN|70|L38|269,CODING,38,GSGAGSRWSGFKKRKQVLDRVFSSSQPNLCCSSPEPLE
coding|sp|Q6DN14|MCTP1_HUMAN|22|L38|270,CODING,38,RLWKNLQLGVGRSKGGGGGRAGGPERRTADTPSPSPPP
coding|sp|Q6DN14|MCTP1_HUMAN|544|L38|271,CODING,38,RDDFIGRCQVDLSALSREQTHKLELQLEEGEGHLVLLV
coding|sp|Q6DN14|MCTP1_HUMAN|827|L37|272,CODING,37,LVLLLLLTWNYFLIISGKDNRQRDTVVEDMLEDEEEE
coding|sp|Q6DN14|MCTP1_HUMAN|108|L37|273,CODING,37,PGGAGRAEQGSTLRRRIREHLLPAVKGPAAASGAAGG
coding|sp|Q6DN14|MCTP1_HUMAN|629|L37|274,CODING,37,VKVIRAEGLMAADVTGKSDPFCVVELNNDRLLTHTVY
coding|sp|Q6DN14|MCTP1_HUMAN|197|L37|275,CODING,37,SSSLPGTACLEQLLEPPPPPAEPARSPAESRAPETGE
coding|sp|Q6DN14|MCTP1_HUMAN|368|L37|276,CODING,37,DHDLGIILLSVILTPKEGESRDVTMLMRKSWKRSSKE
coding|sp|Q6DN14|MCTP1_HUMAN|1|L37|277,CODING,37,EPRAAAAGEPEPPAASSSFQARLWKNLQLGVGRSKGG
coding|sp|Q6DN14|MCTP1_HUMAN|507|L37|278,CODING,37,IMPKTLNPQWREQFDFHLYEERGGVIDITAWDKDAGK
coding|sp|Q6DN14|MCTP1_HUMAN|413|L37|279,CODING,37,SYFSVKSLFWRTCGRPALPVLGFCRAELQNPYCKNVQ
coding|sp|Q6DN14|MCTP1_HUMAN|265|L37|280,CODING,37,TLRRGQSLAARDRGGTSDPYVKFKIGGKEVFRSKIIH
coding|sp|Q6DN14|MCTP1_HUMAN|742|L36|281,CODING,36,VIFNAVKASLRTLIPKEQKYIEEENRLSKQLLLRNF
coding|sp|Q6DN14|MCTP1_HUMAN|281|L36|282,CODING,36,SDPYVKFKIGGKEVFRSKIIHKNLNPVWEEKACILV
coding|sp|Q6DN14|MCTP1_HUMAN|862|L35|283,CODING,35,EEDDKDDKDSEKKGFINKIYAIQEVCVSVQNILDE
coding|sp|Q6DN14|MCTP1_HUMAN|282|L35|284,CODING,35,DPYVKFKIGGKEVFRSKIIHKNLNPVWEEKACILV
coding|sp|Q6DN14|MCTP1_HUMAN|84|L35|285,CODING,35,KQVLDRVFSSSQPNLCCSSPEPLEPGGAGRAEQGS
coding|sp|Q6DN14|MCTP1_HUMAN|621|L35|286,CODING,35,LKDVGFLQVKVIRAEGLMAADVTGKSDPFCVVELN
coding|sp|Q6DN14|MCTP1_HUMAN|681|L35|287,CODING,35,KDIHSVLEVTVYDEDRDRSADFLGKVAIPLLSIQN
coding|sp|Q6DN14|MCTP1_HUMAN|476|L35|288,CODING,35,IEGRDLKAMDSNGLSDPYVKFRLGHQKYKSKIMPK
coding|sp|Q6DN14|MCTP1_HUMAN|954|L35|289,CODING,35,PYAIDNNELLDFLSRVPSDVQVVQYQELKPDPSHS
coding|sp|Q6DN14|MCTP1_HUMAN|359|L34|290,CODING,34,LTLKDPHYPDHDLGIILLSVILTPKEGESRDVTM
coding|sp|Q6DN14|MCTP1_HUMAN|131|L34|291,CODING,34,AVKGPAAASGAAGGTPPGGRSPDSAPSSSSASSS
coding|sp|Q6DN14|MCTP1_HUMAN|10|L34|292,CODING,34,PEPPAASSSFQARLWKNLQLGVGRSKGGGGGRAG
coding|sp|Q6DN14|MCTP1_HUMAN|48|L34|293,CODING,34,RTADTPSPSPPPPVGTGNAPARGSGAGSRWSGFK
coding|sp|Q6DN14|MCTP1_HUMAN|529|L34|294,CODING,34,GGVIDITAWDKDAGKRDDFIGRCQVDLSALSREQ
coding|sp|Q6DN14|MCTP1_HUMAN|901|L34|295,CODING,34,GERIKNTFNWTVPFLSWLAIVALCVFTAILYCIP
coding|sp|Q6DN14|MCTP1_HUMAN|159|L34|296,CODING,34,SSASSSLSSSPQPPPRGDRARDEGARRQGPGAHL
coding|sp|Q6DN14|MCTP1_HUMAN|744|L34|297,CODING,34,FNAVKASLRTLIPKEQKYIEEENRLSKQLLLRNF
coding|sp|Q6DN14|MCTP1_HUMAN|816|L34|298,CODING,34,VVWNFELYMIPLVLLLLLTWNYFLIISGKDNRQR
coding|sp|Q6DN14|MCTP1_HUMAN|756|L34|299,CODING,34,PKEQKYIEEENRLSKQLLLRNFIRMKRCVMVLVN
coding|sp|Q6DN14|MCTP1_HUMAN|525|L33|300,CODING,33,YEERGGVIDITAWDKDAGKRDDFIGRCQVDLSA
coding|sp|Q6DN14|MCTP1_HUMAN|717|L33|301,CODING,33,EQKAYVLKNKQLTGPTKGVIYLEIDVIFNAVKA
coding|sp|Q6DN14|MCTP1_HUMAN|565|L33|302,CODING,33,KLELQLEEGEGHLVLLVTLTASATVSISDLSVN
coding|sp|Q6DN14|MCTP1_HUMAN|909|L33|303,CODING,33,NWTVPFLSWLAIVALCVFTAILYCIPLRYIVLV
coding|sp|Q6DN14|MCTP1_HUMAN|949|L33|304,CODING,33,KKLRSPYAIDNNELLDFLSRVPSDVQVVQYQEL
coding|sp|Q6DN14|MCTP1_HUMAN|296|L33|305,CODING,33,RSKIIHKNLNPVWEEKACILVDHLREPLYIKVF
coding|sp|Q6DN14|MCTP1_HUMAN|54|L32|306,CODING,32,SPSPPPPVGTGNAPARGSGAGSRWSGFKKRKQ
coding|sp|Q6DN14|MCTP1_HUMAN|807|L32|307,CODING,32,LAAFVLFLFVVWNFELYMIPLVLLLLLTWNYF
coding|sp|Q6DN14|MCTP1_HUMAN|546|L32|308,CODING,32,DFIGRCQVDLSALSREQTHKLELQLEEGEGHL
coding|sp|Q6DN14|MCTP1_HUMAN|805|L32|309,CODING,32,RSLAAFVLFLFVVWNFELYMIPLVLLLLLTWN
coding|sp|Q6DN14|MCTP1_HUMAN|339|L32|310,CODING,32,MGSAFLDLTQLELNRPTDVTLTLKDPHYPDHD
coding|sp|Q6DN14|MCTP1_HUMAN|731|L31|311,CODING,31,PTKGVIYLEIDVIFNAVKASLRTLIPKEQKY
coding|sp|Q6DN14|MCTP1_HUMAN|647|L31|312,CODING,31,DPFCVVELNNDRLLTHTVYKNLNPEWNKVFT
coding|sp|Q6DN14|MCTP1_HUMAN|404|L31|313,CODING,31,ELSENEVVGSYFSVKSLFWRTCGRPALPVLG
coding|sp|Q6DN14|MCTP1_HUMAN|620|L30|314,CODING,30,NLKDVGFLQVKVIRAEGLMAADVTGKSDPF
coding|sp|Q6DN14|MCTP1_HUMAN|141|L30|315,CODING,30,AAGGTPPGGRSPDSAPSSSSASSSLSSSPQ
coding|sp|Q6DN14|MCTP1_HUMAN|303|L30|316,CODING,30,NLNPVWEEKACILVDHLREPLYIKVFDYDF
coding|sp|Q6DN14|MCTP1_HUMAN|231|L30|317,CODING,30,TGEEHGSSQKIINTAGTSNAEVPLADPGMY
coding|sp|Q6DN14|MCTP1_HUMAN|729|L30|318,CODING,30,TGPTKGVIYLEIDVIFNAVKASLRTLIPKE
coding|sp|Q6DN14|MCTP1_HUMAN|508|L30|319,CODING,30,MPKTLNPQWREQFDFHLYEERGGVIDITAW
coding|sp|Q6DN14|MCTP1_HUMAN|969|L30|320,CODING,30,VPSDVQVVQYQELKPDPSHSPYKRKKNNLG
coding|sp|Q6DN14|MCTP1_HUMAN|527|L30|321,CODING,30,ERGGVIDITAWDKDAGKRDDFIGRCQVDLS
coding|sp|Q6DN14|MCTP1_HUMAN|262|L29|322,CODING,29,LDITLRRGQSLAARDRGGTSDPYVKFKIG
coding|sp|Q6DN14|MCTP1_HUMAN|526|L29|323,CODING,29,EERGGVIDITAWDKDAGKRDDFIGRCQVD
coding|sp|Q6DN14|MCTP1_HUMAN|688|L29|324,CODING,29,EVTVYDEDRDRSADFLGKVAIPLLSIQNG
coding|sp|Q6DN14|MCTP1_HUMAN|665|L29|325,CODING,29,YKNLNPEWNKVFTFNIKDIHSVLEVTVYD
coding|sp|Q6DN14|MCTP1_HUMAN|716|L29|326,CODING,29,GEQKAYVLKNKQLTGPTKGVIYLEIDVIF
coding|sp|Q6DN14|MCTP1_HUMAN|132|L29|327,CODING,29,VKGPAAASGAAGGTPPGGRSPDSAPSSSS
coding|sp|Q6DN14|MCTP1_HUMAN|255|L29|328,CODING,29,ADPGMYQLDITLRRGQSLAARDRGGTSDP
coding|sp|Q6DN14|MCTP1_HUMAN|826|L29|329,CODING,29,PLVLLLLLTWNYFLIISGKDNRQRDTVVE
coding|sp|Q6DN14|MCTP1_HUMAN|387|L29|330,CODING,29,SRDVTMLMRKSWKRSSKELSENEVVGSYF
coding|sp|Q6DN14|MCTP1_HUMAN|949|L29|331,CODING,29,KKLRSPYAIDNNELLDFLSRVPSDVQVVQ
coding|sp|Q6DN14|MCTP1_HUMAN|414|L29|332,CODING,29,YFSVKSLFWRTCGRPALPVLGFCRAELQN
coding|sp|Q6DN14|MCTP1_HUMAN|437|L28|333,CODING,28,RAELQNPYCKNVQFQTQSLRLSDLHRKS
coding|sp|Q6DN14|MCTP1_HUMAN|802|L28|334,CODING,28,SPPRSLAAFVLFLFVVWNFELYMIPLVL
coding|sp|Q6DN14|MCTP1_HUMAN|775|L28|335,CODING,28,RNFIRMKRCVMVLVNAAYYVNSCFDWDS
coding|sp|Q6DN14|MCTP1_HUMAN|761|L28|336,CODING,28,YIEEENRLSKQLLLRNFIRMKRCVMVLV
coding|sp|Q6DN14|MCTP1_HUMAN|250|L28|337,CODING,28,AEVPLADPGMYQLDITLRRGQSLAARDR
coding|sp|Q6DN14|MCTP1_HUMAN|138|L28|338,CODING,28,ASGAAGGTPPGGRSPDSAPSSSSASSSL
coding|sp|Q6DN14|MCTP1_HUMAN|434|L27|339,CODING,27,GFCRAELQNPYCKNVQFQTQSLRLSDL
coding|sp|Q6DN14|MCTP1_HUMAN|322|L27|340,CODING,27,PLYIKVFDYDFGLQDDFMGSAFLDLTQ
coding|sp|Q6DN14|MCTP1_HUMAN|81|L27|341,CODING,27,KKRKQVLDRVFSSSQPNLCCSSPEPLE
coding|sp|Q6DN14|MCTP1_HUMAN|619|L27|342,CODING,27,HNLKDVGFLQVKVIRAEGLMAADVTGK
coding|sp|Q6DN14|MCTP1_HUMAN|921|L27|343,CODING,27,VALCVFTAILYCIPLRYIVLVWGINKF
coding|sp|Q6DN14|MCTP1_HUMAN|812|L27|344,CODING,27,LFLFVVWNFELYMIPLVLLLLLTWNYF
coding|sp|Q6DN14|MCTP1_HUMAN|378|L27|345,CODING,27,VILTPKEGESRDVTMLMRKSWKRSSKE
coding|sp|Q6DN14|MCTP1_HUMAN|729|L27|346,CODING,27,TGPTKGVIYLEIDVIFNAVKASLRTLI
coding|sp|Q6DN14|MCTP1_HUMAN|571|L26|347,CODING,26,EEGEGHLVLLVTLTASATVSISDLSV
coding|sp|Q6DN14|MCTP1_HUMAN|12|L26|348,CODING,26,PPAASSSFQARLWKNLQLGVGRSKGG
coding|sp|Q6DN14|MCTP1_HUMAN|586|L26|349,CODING,26,SATVSISDLSVNSLEDQKEREEILKR
coding|sp|Q6DN14|MCTP1_HUMAN|477|L26|350,CODING,26,EGRDLKAMDSNGLSDPYVKFRLGHQK
coding|sp|Q6DN14|MCTP1_HUMAN|806|L26|351,CODING,26,SLAAFVLFLFVVWNFELYMIPLVLLL
coding|sp|Q6DN14|MCTP1_HUMAN|666|L26|352,CODING,26,KNLNPEWNKVFTFNIKDIHSVLEVTV
coding|sp|Q6DN14|MCTP1_HUMAN|564|L26|353,CODING,26,HKLELQLEEGEGHLVLLVTLTASATV
coding|sp|Q6DN14|MCTP1_HUMAN|333|L26|354,CODING,26,GLQDDFMGSAFLDLTQLELNRPTDVT
coding|sp|Q6DN14|MCTP1_HUMAN|275|L25|355,CODING,25,RDRGGTSDPYVKFKIGGKEVFRSKI
coding|sp|Q6DN14|MCTP1_HUMAN|222|L25|356,CODING,25,SPAESRAPETGEEHGSSQKIINTAG
coding|sp|Q6DN14|MCTP1_HUMAN|424|L25|357,CODING,25,TCGRPALPVLGFCRAELQNPYCKNV
coding|sp|Q6DN14|MCTP1_HUMAN|114|L25|358,CODING,25,AEQGSTLRRRIREHLLPAVKGPAAA
coding|sp|Q6DN14|MCTP1_HUMAN|19|L25|359,CODING,25,FQARLWKNLQLGVGRSKGGGGGRAG
coding|sp|Q6DN14|MCTP1_HUMAN|186|L25|360,CODING,25,QGPGAHLCHQKSSSLPGTACLEQLL
coding|sp|Q6DN14|MCTP1_HUMAN|717|L25|361,CODING,25,EQKAYVLKNKQLTGPTKGVIYLEID
coding|sp|Q6DN14|MCTP1_HUMAN|824|L25|362,CODING,25,MIPLVLLLLLTWNYFLIISGKDNRQ
coding|sp|Q6DN14|MCTP1_HUMAN|697|L25|363,CODING,25,DRSADFLGKVAIPLLSIQNGEQKAY
coding|sp|Q6DN14|MCTP1_HUMAN|292|L25|364,CODING,25,KEVFRSKIIHKNLNPVWEEKACILV
coding|sp|Q6DN14|MCTP1_HUMAN|321|L25|365,CODING,25,EPLYIKVFDYDFGLQDDFMGSAFLD
coding|sp|Q6DN14|MCTP1_HUMAN|379|L24|366,CODING,24,ILTPKEGESRDVTMLMRKSWKRSS
coding|sp|Q6DN14|MCTP1_HUMAN|172|L24|367,CODING,24,PPRGDRARDEGARRQGPGAHLCHQ
coding|sp|Q6DN14|MCTP1_HUMAN|723|L24|368,CODING,24,LKNKQLTGPTKGVIYLEIDVIFNA
coding|sp|Q6DN14|MCTP1_HUMAN|375|L24|369,CODING,24,LLSVILTPKEGESRDVTMLMRKSW
coding|sp|Q6DN14|MCTP1_HUMAN|669|L24|370,CODING,24,NPEWNKVFTFNIKDIHSVLEVTVY
coding|sp|Q6DN14|MCTP1_HUMAN|51|L24|371,CODING,24,DTPSPSPPPPVGTGNAPARGSGAG
coding|sp|Q6DN14|MCTP1_HUMAN|548|L23|372,CODING,23,IGRCQVDLSALSREQTHKLELQL
coding|sp|Q6DN14|MCTP1_HUMAN|226|L23|373,CODING,23,SRAPETGEEHGSSQKIINTAGTS
coding|sp|Q6DN14|MCTP1_HUMAN|418|L23|374,CODING,23,KSLFWRTCGRPALPVLGFCRAEL
coding|sp|Q6DN14|MCTP1_HUMAN|695|L23|375,CODING,23,DRDRSADFLGKVAIPLLSIQNGE
coding|sp|Q6DN14|MCTP1_HUMAN|59|L23|376,CODING,23,PPVGTGNAPARGSGAGSRWSGFK
coding|sp|Q6DN14|MCTP1_HUMAN|748|L23|377,CODING,23,KASLRTLIPKEQKYIEEENRLSK
coding|sp|Q6DN14|MCTP1_HUMAN|394|L22|378,CODING,22,MRKSWKRSSKELSENEVVGSYF
coding|sp|Q6DN14|MCTP1_HUMAN|489|L22|379,CODING,22,LSDPYVKFRLGHQKYKSKIMPK
coding|sp|Q6DN14|MCTP1_HUMAN|575|L22|380,CODING,22,GHLVLLVTLTASATVSISDLSV
coding|sp|Q6DN14|MCTP1_HUMAN|59|L22|381,CODING,22,PPVGTGNAPARGSGAGSRWSGF
coding|sp|Q6DN14|MCTP1_HUMAN|444|L22|382,CODING,22,YCKNVQFQTQSLRLSDLHRKSH
coding|sp|Q6DN14|MCTP1_HUMAN|389|L22|383,CODING,22,DVTMLMRKSWKRSSKELSENEV
coding|sp|Q6DN14|MCTP1_HUMAN|140|L22|384,CODING,22,GAAGGTPPGGRSPDSAPSSSSA
coding|sp|Q6DN14|MCTP1_HUMAN|809|L22|385,CODING,22,AFVLFLFVVWNFELYMIPLVLL
coding|sp|Q6DN14|MCTP1_HUMAN|801|L22|386,CODING,22,DSPPRSLAAFVLFLFVVWNFEL
coding|sp|Q6DN14|MCTP1_HUMAN|452|L22|387,CODING,22,TQSLRLSDLHRKSHLWRGIVSI
coding|sp|Q6DN14|MCTP1_HUMAN|782|L22|388,CODING,22,RCVMVLVNAAYYVNSCFDWDSP
coding|sp|Q6DN14|MCTP1_HUMAN|725|L22|389,CODING,22,NKQLTGPTKGVIYLEIDVIFNA
coding|sp|Q6DN14|MCTP1_HUMAN|679|L22|390,CODING,22,NIKDIHSVLEVTVYDEDRDRSA
coding|sp|Q6DN14|MCTP1_HUMAN|140|L21|391,CODING,21,GAAGGTPPGGRSPDSAPSSSS
coding|sp|Q6DN14|MCTP1_HUMAN|847|L21|392,CODING,21,RQRDTVVEDMLEDEEEEDDKD
coding|sp|Q6DN14|MCTP1_HUMAN|436|L21|393,CODING,21,CRAELQNPYCKNVQFQTQSLR
coding|sp|Q6DN14|MCTP1_HUMAN|175|L21|394,CODING,21,GDRARDEGARRQGPGAHLCHQ
coding|sp|Q6DN14|MCTP1_HUMAN|324|L21|395,CODING,21,YIKVFDYDFGLQDDFMGSAFL
coding|sp|Q6DN14|MCTP1_HUMAN|649|L20|396,CODING,20,FCVVELNNDRLLTHTVYKNL
coding|sp|Q6DN14|MCTP1_HUMAN|257|L20|397,CODING,20,PGMYQLDITLRRGQSLAARD
coding|sp|Q6DN14|MCTP1_HUMAN|855|L20|398,CODING,20,DMLEDEEEEDDKDDKDSEKK
coding|sp|Q6DN14|MCTP1_HUMAN|285|L20|399,CODING,20,VKFKIGGKEVFRSKIIHKNL
coding|sp|Q6DN14|MCTP1_HUMAN|492|L20|400,CODING,20,PYVKFRLGHQKYKSKIMPKT
coding|sp|Q6DN14|MCTP1_HUMAN|694|L20|401,CODING,20,EDRDRSADFLGKVAIPLLSI
coding|sp|Q6DN14|MCTP1_HUMAN|196|L20|402,CODING,20,KSSSLPGTACLEQLLEPPPP
coding|sp|Q6DN14|MCTP1_HUMAN|248|L20|403,CODING,20,SNAEVPLADPGMYQLDITLR
coding|sp|Q6DN14|MCTP1_HUMAN|95|L19|404,CODING,19,QPNLCCSSPEPLEPGGAGR
coding|sp|Q6DN14|MCTP1_HUMAN|744|L19|405,CODING,19,FNAVKASLRTLIPKEQKYI
coding|sp|Q6DN14|MCTP1_HUMAN|438|L19|406,CODING,19,AELQNPYCKNVQFQTQSLR
coding|sp|Q6DN14|MCTP1_HUMAN|677|L19|407,CODING,19,TFNIKDIHSVLEVTVYDED
coding|sp|Q6DN14|MCTP1_HUMAN|803|L19|408,CODING,19,PPRSLAAFVLFLFVVWNFE
coding|sp|Q6DN14|MCTP1_HUMAN|739|L19|409,CODING,19,EIDVIFNAVKASLRTLIPK
coding|sp|Q6DN14|MCTP1_HUMAN|382|L19|410,CODING,19,PKEGESRDVTMLMRKSWKR
coding|sp|Q6DN14|MCTP1_HUMAN|584|L19|411,CODING,19,TASATVSISDLSVNSLEDQ
coding|sp|Q6DN14|MCTP1_HUMAN|896|L19|412,CODING,19,EVASFGERIKNTFNWTVPF
coding|sp|Q6DN14|MCTP1_HUMAN|701|L19|413,CODING,19,DFLGKVAIPLLSIQNGEQK
coding|sp|Q6DN14|MCTP1_HUMAN|669|L19|414,CODING,19,NPEWNKVFTFNIKDIHSVL
coding|sp|Q6DN14|MCTP1_HUMAN|249|L19|415,CODING,19,NAEVPLADPGMYQLDITLR
coding|sp|Q6DN14|MCTP1_HUMAN|529|L18|416,CODING,18,GGVIDITAWDKDAGKRDD
coding|sp|Q6DN14|MCTP1_HUMAN|4|L18|417,CODING,18,AAAAGEPEPPAASSSFQA
coding|sp|Q6DN14|MCTP1_HUMAN|755|L18|418,CODING,18,IPKEQKYIEEENRLSKQL
coding|sp|Q6DN14|MCTP1_HUMAN|59|L18|419,CODING,18,PPVGTGNAPARGSGAGSR
coding|sp|Q6DN14|MCTP1_HUMAN|177|L18|420,CODING,18,RARDEGARRQGPGAHLCH
coding|sp|Q6DN14|MCTP1_HUMAN|874|L18|421,CODING,18,KGFINKIYAIQEVCVSVQ
coding|sp|Q6DN14|MCTP1_HUMAN|56|L18|422,CODING,18,SPPPPVGTGNAPARGSGA
coding|sp|Q6DN14|MCTP1_HUMAN|852|L18|423,CODING,18,VVEDMLEDEEEEDDKDDK
coding|sp|Q6DN14|MCTP1_HUMAN|657|L18|424,CODING,18,DRLLTHTVYKNLNPEWNK
coding|sp|Q6DN14|MCTP1_HUMAN|528|L17|425,CODING,17,RGGVIDITAWDKDAGKR
coding|sp|Q6DN14|MCTP1_HUMAN|367|L17|426,CODING,17,PDHDLGIILLSVILTPK
coding|sp|Q6DN14|MCTP1_HUMAN|217|L17|427,CODING,17,AEPARSPAESRAPETGE
coding|sp|Q6DN14|MCTP1_HUMAN|66|L17|428,CODING,17,APARGSGAGSRWSGFKK
coding|sp|Q6DN14|MCTP1_HUMAN|143|L17|429,CODING,17,GGTPPGGRSPDSAPSSS
coding|sp|Q6DN14|MCTP1_HUMAN|226|L17|430,CODING,17,SRAPETGEEHGSSQKII
coding|sp|Q6DN14|MCTP1_HUMAN|124|L17|431,CODING,17,IREHLLPAVKGPAAASG
coding|sp|Q6DN14|MCTP1_HUMAN|101|L17|432,CODING,17,SSPEPLEPGGAGRAEQG
coding|sp|Q6DN14|MCTP1_HUMAN|546|L17|433,CODING,17,DFIGRCQVDLSALSREQ
coding|sp|Q6DN14|MCTP1_HUMAN|981|L17|434,CODING,17,LKPDPSHSPYKRKKNNL
coding|sp|Q6DN14|MCTP1_HUMAN|13|L17|435,CODING,17,PAASSSFQARLWKNLQL
coding|sp|Q6DN14|MCTP1_HUMAN|420|L17|436,CODING,17,LFWRTCGRPALPVLGFC
coding|sp|Q6DN14|MCTP1_HUMAN|32|L16|437,CODING,16,GRSKGGGGGRAGGPER
coding|sp|Q6DN14|MCTP1_HUMAN|680|L16|438,CODING,16,IKDIHSVLEVTVYDED
coding|sp|Q6DN14|MCTP1_HUMAN|269|L16|439,CODING,16,GQSLAARDRGGTSDPY
coding|sp|Q6DN14|MCTP1_HUMAN|111|L16|440,CODING,16,AGRAEQGSTLRRRIRE
coding|sp|Q6DN14|MCTP1_HUMAN|191|L16|441,CODING,16,HLCHQKSSSLPGTACL
coding|sp|Q6DN14|MCTP1_HUMAN|860|L16|442,CODING,16,EEEEDDKDDKDSEKKG
coding|sp|Q6DN14|MCTP1_HUMAN|599|L16|443,CODING,16,LEDQKEREEILKRYSP
coding|sp|Q6DN14|MCTP1_HUMAN|876|L16|444,CODING,16,FINKIYAIQEVCVSVQ
coding|sp|Q6DN14|MCTP1_HUMAN|233|L15|445,CODING,15,EEHGSSQKIINTAGT
coding|sp|Q6DN14|MCTP1_HUMAN|559|L15|446,CODING,15,SREQTHKLELQLEEG
coding|sp|Q6DN14|MCTP1_HUMAN|905|L15|447,CODING,15,KNTFNWTVPFLSWLA
coding|sp|Q6DN14|MCTP1_HUMAN|914|L15|448,CODING,15,FLSWLAIVALCVFTA
coding|sp|Q6DN14|MCTP1_HUMAN|29|L15|449,CODING,15,LGVGRSKGGGGGRAG
coding|sp|Q6DN14|MCTP1_HUMAN|657|L15|450,CODING,15,DRLLTHTVYKNLNPE
coding|sp|Q6DN14|MCTP1_HUMAN|682|L15|451,CODING,15,DIHSVLEVTVYDEDR
coding|sp|Q6DN14|MCTP1_HUMAN|87|L15|452,CODING,15,LDRVFSSSQPNLCCS
coding|sp|Q6DN14|MCTP1_HUMAN|428|L15|453,CODING,15,PALPVLGFCRAELQN
coding|sp|Q6DN14|MCTP1_HUMAN|337|L15|454,CODING,15,DFMGSAFLDLTQLEL
coding|sp|Q6DN14|MCTP1_HUMAN|896|L14|455,CODING,14,EVASFGERIKNTFN
coding|sp|Q6DN14|MCTP1_HUMAN|83|L14|456,CODING,14,RKQVLDRVFSSSQP
coding|sp|Q6DN14|MCTP1_HUMAN|187|L14|457,CODING,14,GPGAHLCHQKSSSL
coding|sp|Q6DN14|MCTP1_HUMAN|182|L14|458,CODING,14,GARRQGPGAHLCHQ
coding|sp|Q6DN14|MCTP1_HUMAN|680|L14|459,CODING,14,IKDIHSVLEVTVYD
coding|sp|Q6DN14|MCTP1_HUMAN|664|L14|460,CODING,14,VYKNLNPEWNKVFT
coding|sp|Q6DN14|MCTP1_HUMAN|538|L14|461,CODING,14,DKDAGKRDDFIGRC
coding|sp|Q6DN14|MCTP1_HUMAN|90|L14|462,CODING,14,VFSSSQPNLCCSSP
coding|sp|Q6DN14|MCTP1_HUMAN|143|L14|463,CODING,14,GGTPPGGRSPDSAP
coding|sp|Q6DN14|MCTP1_HUMAN|693|L14|464,CODING,14,DEDRDRSADFLGKV
coding|sp|Q6DN14|MCTP1_HUMAN|188|L13|465,CODING,13,PGAHLCHQKSSSL
coding|sp|Q6DN14|MCTP1_HUMAN|341|L13|466,CODING,13,SAFLDLTQLELNR
coding|sp|Q6DN14|MCTP1_HUMAN|897|L13|467,CODING,13,VASFGERIKNTFN
coding|sp|Q6DN14|MCTP1_HUMAN|757|L13|468,CODING,13,KEQKYIEEENRLS
coding|sp|Q6DN14|MCTP1_HUMAN|485|L13|469,CODING,13,DSNGLSDPYVKFR
coding|sp|Q6DN14|MCTP1_HUMAN|297|L13|470,CODING,13,SKIIHKNLNPVWE
coding|sp|Q6DN14|MCTP1_HUMAN|807|L13|471,CODING,13,LAAFVLFLFVVWN
coding|sp|Q6DN14|MCTP1_HUMAN|585|L13|472,CODING,13,ASATVSISDLSVN
coding|sp|Q6DN14|MCTP1_HUMAN|78|L13|473,CODING,13,SGFKKRKQVLDRV
coding|sp|Q6DN14|MCTP1_HUMAN|396|L13|474,CODING,13,KSWKRSSKELSEN
coding|sp|Q6DN14|MCTP1_HUMAN|773|L12|475,CODING,12,LLRNFIRMKRCV
coding|sp|Q6DN14|MCTP1_HUMAN|114|L12|476,CODING,12,AEQGSTLRRRIR
coding|sp|Q6DN14|MCTP1_HUMAN|534|L12|477,CODING,12,ITAWDKDAGKRD
coding|sp|Q6DN14|MCTP1_HUMAN|95|L12|478,CODING,12,QPNLCCSSPEPL
coding|sp|Q6DN14|MCTP1_HUMAN|229|L12|479,CODING,12,PETGEEHGSSQK
coding|sp|Q6DN14|MCTP1_HUMAN|816|L12|480,CODING,12,VVWNFELYMIPL
coding|sp|Q6DN14|MCTP1_HUMAN|339|L12|481,CODING,12,MGSAFLDLTQLE
coding|sp|Q6DN14|MCTP1_HUMAN|740|L12|482,CODING,12,IDVIFNAVKASL
coding|sp|Q6DN14|MCTP1_HUMAN|862|L12|483,CODING,12,EEDDKDDKDSEK
coding|sp|Q6DN14|MCTP1_HUMAN|691|L12|484,CODING,12,VYDEDRDRSADF
coding|sp|Q6DN14|MCTP1_HUMAN|52|L12|485,CODING,12,TPSPSPPPPVGT
coding|sp|Q6DN14|MCTP1_HUMAN|750|L11|486,CODING,11,SLRTLIPKEQK
coding|sp|Q6DN14|MCTP1_HUMAN|185|L11|487,CODING,11,RQGPGAHLCHQ
coding|sp|Q6DN14|MCTP1_HUMAN|906|L11|488,CODING,11,NTFNWTVPFLS
coding|sp|Q6DN14|MCTP1_HUMAN|337|L11|489,CODING,11,DFMGSAFLDLT
coding|sp|Q6DN14|MCTP1_HUMAN|902|L11|490,CODING,11,ERIKNTFNWTV
coding|sp|Q6DN14|MCTP1_HUMAN|135|L11|491,CODING,11,PAAASGAAGGT
coding|sp|Q6DN14|MCTP1_HUMAN|450|L11|492,CODING,11,FQTQSLRLSDL
coding|sp|Q6DN14|MCTP1_HUMAN|774|L11|493,CODING,11,LRNFIRMKRCV
coding|sp|Q6DN14|MCTP1_HUMAN|216|L11|494,CODING,11,PAEPARSPAES
coding|sp|Q6DN14|MCTP1_HUMAN|311|L11|495,CODING,11,KACILVDHLRE
coding|sp|Q6DN14|MCTP1_HUMAN|674|L10|496,CODING,10,KVFTFNIKDI
coding|sp|Q6DN14|MCTP1_HUMAN|361|L10|497,CODING,10,LKDPHYPDHD
coding|sp|Q6DN14|MCTP1_HUMAN|51|L10|498,CODING,10,DTPSPSPPPP
coding|sp|Q6DN14|MCTP1_HUMAN|872|L10|499,CODING,10,EKKGFINKIY
coding|sp|Q6DN14|MCTP1_HUMAN|748|L10|500,CODING,10,KASLRTLIPK
